source_id,target_id,weight,layer
1,4,1.0,1
1,33,1.0,1
1,34,1.0,1
1,53,1.0,1
1,55,1.0,1
1,81,1.0,1
1,84,1.0,1
1,85,1.0,1
1,86,1.0,1
1,88,1.0,1
2,3,1.0,1
2,4,1.0,1
2,24,1.0,1
2,55,1.0,1
2,56,1.0,1
2,74,1.0,1
2,75,1.0,1
2,76,1.0,1
2,81,1.0,1
2,88,1.0,1
2,89,1.0,1
2,96,1.0,1
2,97,1.0,1
2,102,1.0,1
2,133,1.0,1
3,4,1.0,1
3,24,1.0,1
3,37,1.0,1
3,39,1.0,1
3,53,1.0,1
3,54,1.0,1
3,55,1.0,1
3,56,1.0,1
3,73,1.0,1
3,74,1.0,1
3,75,1.0,1
3,76,1.0,1
3,88,1.0,1
3,89,1.0,1
4,12,1.0,1
4,21,1.0,1
4,22,1.0,1
4,24,1.0,1
4,26,1.0,1
4,37,1.0,1
4,67,1.0,1
4,68,1.0,1
4,73,1.0,1
4,74,1.0,1
4,75,1.0,1
4,76,1.0,1
4,85,1.0,1
4,86,1.0,1
4,87,1.0,1
4,88,1.0,1
4,89,1.0,1
5,6,1.0,1
5,7,1.0,1
5,13,1.0,1
5,17,1.0,1
5,19,1.0,1
5,21,1.0,1
5,22,1.0,1
5,27,1.0,1
5,29,1.0,1
5,35,1.0,1
5,36,1.0,1
5,38,1.0,1
5,44,1.0,1
5,45,1.0,1
5,46,1.0,1
5,48,1.0,1
5,50,1.0,1
5,52,1.0,1
5,54,1.0,1
5,56,1.0,1
5,58,1.0,1
5,59,1.0,1
5,60,1.0,1
5,64,1.0,1
5,65,1.0,1
5,66,1.0,1
5,67,1.0,1
5,68,1.0,1
5,69,1.0,1
5,70,1.0,1
5,71,1.0,1
5,72,1.0,1
5,74,1.0,1
5,77,1.0,1
5,78,1.0,1
5,82,1.0,1
5,83,1.0,1
5,103,1.0,1
5,104,1.0,1
5,110,1.0,1
5,111,1.0,1
5,112,1.0,1
5,113,1.0,1
5,114,1.0,1
5,117,1.0,1
5,118,1.0,1
5,147,1.0,1
5,151,1.0,1
5,152,1.0,1
5,160,1.0,1
6,7,1.0,1
6,13,1.0,1
6,17,1.0,1
6,19,1.0,1
6,21,1.0,1
6,22,1.0,1
6,27,1.0,1
6,29,1.0,1
6,35,1.0,1
6,36,1.0,1
6,38,1.0,1
6,44,1.0,1
6,45,1.0,1
6,46,1.0,1
6,47,1.0,1
6,48,1.0,1
6,52,1.0,1
6,54,1.0,1
6,58,1.0,1
6,59,1.0,1
6,64,1.0,1
6,65,1.0,1
6,66,1.0,1
6,67,1.0,1
6,68,1.0,1
6,69,1.0,1
6,70,1.0,1
6,71,1.0,1
6,72,1.0,1
6,74,1.0,1
6,77,1.0,1
6,78,1.0,1
6,82,1.0,1
6,83,1.0,1
6,103,1.0,1
6,104,1.0,1
6,110,1.0,1
6,111,1.0,1
6,112,1.0,1
6,113,1.0,1
6,114,1.0,1
6,116,1.0,1
6,117,1.0,1
6,118,1.0,1
6,147,1.0,1
6,151,1.0,1
6,152,1.0,1
6,160,1.0,1
7,10,1.0,1
7,11,1.0,1
7,13,1.0,1
7,17,1.0,1
7,19,1.0,1
7,21,1.0,1
7,22,1.0,1
7,29,1.0,1
7,35,1.0,1
7,36,1.0,1
7,37,1.0,1
7,38,1.0,1
7,45,1.0,1
7,46,1.0,1
7,50,1.0,1
7,54,1.0,1
7,58,1.0,1
7,60,1.0,1
7,62,1.0,1
7,63,1.0,1
7,64,1.0,1
7,65,1.0,1
7,66,1.0,1
7,67,1.0,1
7,68,1.0,1
7,69,1.0,1
7,70,1.0,1
7,71,1.0,1
7,72,1.0,1
7,74,1.0,1
7,75,1.0,1
7,76,1.0,1
7,77,1.0,1
7,78,1.0,1
7,82,1.0,1
7,83,1.0,1
7,103,1.0,1
7,104,1.0,1
7,105,1.0,1
7,110,1.0,1
7,111,1.0,1
7,112,1.0,1
7,113,1.0,1
7,147,1.0,1
7,151,1.0,1
7,152,1.0,1
7,160,1.0,1
8,9,1.0,1
8,10,1.0,1
8,11,1.0,1
8,68,1.0,1
8,76,1.0,1
8,77,1.0,1
8,78,1.0,1
8,79,1.0,1
8,80,1.0,1
8,90,1.0,1
8,91,1.0,1
8,98,1.0,1
8,99,1.0,1
8,104,1.0,1
8,105,1.0,1
8,106,1.0,1
8,107,1.0,1
8,120,1.0,1
8,121,1.0,1
8,122,1.0,1
8,123,1.0,1
8,148,1.0,1
8,161,1.0,1
9,10,1.0,1
9,11,1.0,1
9,77,1.0,1
9,78,1.0,1
9,79,1.0,1
9,80,1.0,1
9,98,1.0,1
9,99,1.0,1
9,104,1.0,1
9,105,1.0,1
9,106,1.0,1
9,107,1.0,1
9,122,1.0,1
9,123,1.0,1
9,124,1.0,1
9,125,1.0,1
9,148,1.0,1
9,155,1.0,1
10,11,1.0,1
10,21,1.0,1
10,22,1.0,1
10,35,1.0,1
10,45,1.0,1
10,63,1.0,1
10,64,1.0,1
10,65,1.0,1
10,66,1.0,1
10,67,1.0,1
10,68,1.0,1
10,69,1.0,1
10,70,1.0,1
10,75,1.0,1
10,76,1.0,1
10,77,1.0,1
10,78,1.0,1
10,80,1.0,1
10,82,1.0,1
10,83,1.0,1
10,90,1.0,1
10,91,1.0,1
10,98,1.0,1
10,99,1.0,1
10,104,1.0,1
10,105,1.0,1
10,106,1.0,1
10,107,1.0,1
10,112,1.0,1
10,121,1.0,1
10,122,1.0,1
10,123,1.0,1
10,147,1.0,1
10,148,1.0,1
10,151,1.0,1
11,21,1.0,1
11,22,1.0,1
11,35,1.0,1
11,45,1.0,1
11,46,1.0,1
11,54,1.0,1
11,63,1.0,1
11,64,1.0,1
11,65,1.0,1
11,66,1.0,1
11,67,1.0,1
11,68,1.0,1
11,69,1.0,1
11,70,1.0,1
11,75,1.0,1
11,76,1.0,1
11,77,1.0,1
11,78,1.0,1
11,82,1.0,1
11,83,1.0,1
11,89,1.0,1
11,90,1.0,1
11,91,1.0,1
11,98,1.0,1
11,99,1.0,1
11,103,1.0,1
11,104,1.0,1
11,105,1.0,1
11,106,1.0,1
11,107,1.0,1
11,111,1.0,1
11,112,1.0,1
11,121,1.0,1
11,122,1.0,1
11,123,1.0,1
11,147,1.0,1
11,148,1.0,1
11,151,1.0,1
11,152,1.0,1
11,160,1.0,1
12,13,1.0,1
12,14,1.0,1
12,15,1.0,1
12,16,1.0,1
12,18,1.0,1
12,19,1.0,1
12,21,1.0,1
12,22,1.0,1
12,26,1.0,1
12,35,1.0,1
12,36,1.0,1
12,37,1.0,1
12,38,1.0,1
12,46,1.0,1
12,64,1.0,1
12,67,1.0,1
12,68,1.0,1
12,69,1.0,1
12,70,1.0,1
12,71,1.0,1
12,73,1.0,1
12,75,1.0,1
12,76,1.0,1
12,82,1.0,1
12,83,1.0,1
12,85,1.0,1
12,86,1.0,1
12,87,1.0,1
12,89,1.0,1
12,91,1.0,1
12,105,1.0,1
12,108,1.0,1
12,109,1.0,1
12,112,1.0,1
12,147,1.0,1
12,148,1.0,1
12,160,1.0,1
12,162,1.0,1
13,14,1.0,1
13,15,1.0,1
13,16,1.0,1
13,17,1.0,1
13,18,1.0,1
13,19,1.0,1
13,20,1.0,1
13,21,1.0,1
13,22,1.0,1
13,27,1.0,1
13,29,1.0,1
13,35,1.0,1
13,36,1.0,1
13,44,1.0,1
13,45,1.0,1
13,46,1.0,1
13,64,1.0,1
13,65,1.0,1
13,66,1.0,1
13,67,1.0,1
13,68,1.0,1
13,69,1.0,1
13,70,1.0,1
13,71,1.0,1
13,77,1.0,1
13,78,1.0,1
13,82,1.0,1
13,83,1.0,1
13,87,1.0,1
13,90,1.0,1
13,105,1.0,1
13,108,1.0,1
13,109,1.0,1
13,110,1.0,1
13,111,1.0,1
13,112,1.0,1
13,129,1.0,1
13,147,1.0,1
13,148,1.0,1
13,152,1.0,1
14,15,1.0,1
14,16,1.0,1
14,18,1.0,1
14,21,1.0,1
14,22,1.0,1
14,35,1.0,1
14,36,1.0,1
14,64,1.0,1
14,67,1.0,1
14,69,1.0,1
14,70,1.0,1
14,71,1.0,1
14,90,1.0,1
14,91,1.0,1
14,105,1.0,1
14,108,1.0,1
14,110,1.0,1
14,111,1.0,1
14,112,1.0,1
14,120,1.0,1
14,121,1.0,1
14,152,1.0,1
15,16,1.0,1
15,21,1.0,1
15,25,1.0,1
15,33,1.0,1
15,34,1.0,1
15,36,1.0,1
15,37,1.0,1
15,43,1.0,1
15,46,1.0,1
15,69,1.0,1
15,70,1.0,1
15,71,1.0,1
15,85,1.0,1
15,86,1.0,1
15,87,1.0,1
15,108,1.0,1
15,109,1.0,1
15,126,1.0,1
15,147,1.0,1
15,160,1.0,1
16,25,1.0,1
16,26,1.0,1
16,33,1.0,1
16,34,1.0,1
16,37,1.0,1
16,39,1.0,1
16,85,1.0,1
16,86,1.0,1
16,87,1.0,1
16,108,1.0,1
16,109,1.0,1
16,126,1.0,1
17,18,1.0,1
17,27,1.0,1
17,28,1.0,1
17,29,1.0,1
17,30,1.0,1
17,35,1.0,1
17,36,1.0,1
17,41,1.0,1
17,43,1.0,1
17,44,1.0,1
17,45,1.0,1
17,46,1.0,1
17,49,1.0,1
17,51,1.0,1
17,52,1.0,1
17,58,1.0,1
17,64,1.0,1
17,69,1.0,1
17,70,1.0,1
17,71,1.0,1
17,72,1.0,1
17,73,1.0,1
17,82,1.0,1
17,83,1.0,1
17,110,1.0,1
17,111,1.0,1
17,112,1.0,1
17,113,1.0,1
17,114,1.0,1
17,115,1.0,1
17,116,1.0,1
17,117,1.0,1
17,118,1.0,1
17,119,1.0,1
17,134,1.0,1
17,135,1.0,1
17,151,1.0,1
18,21,1.0,1
18,22,1.0,1
18,35,1.0,1
18,36,1.0,1
18,47,1.0,1
18,64,1.0,1
18,67,1.0,1
18,69,1.0,1
18,70,1.0,1
18,71,1.0,1
18,77,1.0,1
18,78,1.0,1
18,83,1.0,1
18,90,1.0,1
18,91,1.0,1
18,109,1.0,1
18,110,1.0,1
18,111,1.0,1
18,112,1.0,1
18,121,1.0,1
19,21,1.0,1
19,22,1.0,1
19,37,1.0,1
19,38,1.0,1
19,45,1.0,1
19,46,1.0,1
19,64,1.0,1
19,65,1.0,1
19,66,1.0,1
19,67,1.0,1
19,68,1.0,1
19,69,1.0,1
19,70,1.0,1
19,74,1.0,1
19,82,1.0,1
19,83,1.0,1
19,110,1.0,1
19,111,1.0,1
19,112,1.0,1
19,147,1.0,1
19,160,1.0,1
20,29,1.0,1
20,36,1.0,1
20,38,1.0,1
20,70,1.0,1
20,72,1.0,1
21,22,1.0,1
21,35,1.0,1
21,36,1.0,1
21,37,1.0,1
21,38,1.0,1
21,45,1.0,1
21,46,1.0,1
21,54,1.0,1
21,57,1.0,1
21,58,1.0,1
21,60,1.0,1
21,62,1.0,1
21,63,1.0,1
21,64,1.0,1
21,65,1.0,1
21,66,1.0,1
21,67,1.0,1
21,68,1.0,1
21,69,1.0,1
21,70,1.0,1
21,71,1.0,1
21,74,1.0,1
21,75,1.0,1
21,76,1.0,1
21,77,1.0,1
21,78,1.0,1
21,82,1.0,1
21,83,1.0,1
21,89,1.0,1
21,90,1.0,1
21,91,1.0,1
21,103,1.0,1
21,104,1.0,1
21,105,1.0,1
21,106,1.0,1
21,108,1.0,1
21,109,1.0,1
21,110,1.0,1
21,111,1.0,1
21,112,1.0,1
21,147,1.0,1
21,149,1.0,1
21,150,1.0,1
21,152,1.0,1
21,160,1.0,1
22,35,1.0,1
22,36,1.0,1
22,37,1.0,1
22,45,1.0,1
22,46,1.0,1
22,54,1.0,1
22,60,1.0,1
22,62,1.0,1
22,63,1.0,1
22,64,1.0,1
22,65,1.0,1
22,66,1.0,1
22,67,1.0,1
22,68,1.0,1
22,69,1.0,1
22,70,1.0,1
22,71,1.0,1
22,75,1.0,1
22,76,1.0,1
22,77,1.0,1
22,78,1.0,1
22,82,1.0,1
22,83,1.0,1
22,89,1.0,1
22,90,1.0,1
22,91,1.0,1
22,103,1.0,1
22,104,1.0,1
22,105,1.0,1
22,108,1.0,1
22,110,1.0,1
22,111,1.0,1
22,112,1.0,1
22,147,1.0,1
22,151,1.0,1
22,152,1.0,1
22,160,1.0,1
23,24,1.0,1
23,25,1.0,1
23,26,1.0,1
23,31,1.0,1
23,32,1.0,1
23,34,1.0,1
23,37,1.0,1
23,38,1.0,1
23,39,1.0,1
23,40,1.0,1
23,42,1.0,1
23,44,1.0,1
23,46,1.0,1
23,56,1.0,1
23,57,1.0,1
23,72,1.0,1
23,74,1.0,1
23,86,1.0,1
23,126,1.0,1
23,127,1.0,1
23,139,1.0,1
23,140,1.0,1
23,141,1.0,1
23,142,1.0,1
23,150,1.0,1
24,25,1.0,1
24,26,1.0,1
24,32,1.0,1
24,37,1.0,1
24,38,1.0,1
24,39,1.0,1
24,40,1.0,1
24,55,1.0,1
24,56,1.0,1
24,73,1.0,1
24,74,1.0,1
24,75,1.0,1
24,76,1.0,1
24,88,1.0,1
24,89,1.0,1
24,139,1.0,1
24,140,1.0,1
24,141,1.0,1
24,142,1.0,1
25,26,1.0,1
25,31,1.0,1
25,32,1.0,1
25,33,1.0,1
25,34,1.0,1
25,37,1.0,1
25,39,1.0,1
25,40,1.0,1
25,75,1.0,1
25,85,1.0,1
25,86,1.0,1
25,87,1.0,1
25,114,1.0,1
25,116,1.0,1
25,139,1.0,1
25,140,1.0,1
25,141,1.0,1
25,142,1.0,1
25,159,1.0,1
26,31,1.0,1
26,33,1.0,1
26,37,1.0,1
26,39,1.0,1
26,40,1.0,1
26,57,1.0,1
26,73,1.0,1
26,75,1.0,1
26,85,1.0,1
26,86,1.0,1
26,87,1.0,1
26,114,1.0,1
26,116,1.0,1
26,139,1.0,1
26,141,1.0,1
27,28,1.0,1
27,29,1.0,1
27,30,1.0,1
27,36,1.0,1
27,38,1.0,1
27,41,1.0,1
27,42,1.0,1
27,43,1.0,1
27,44,1.0,1
27,45,1.0,1
27,46,1.0,1
27,49,1.0,1
27,50,1.0,1
27,51,1.0,1
27,52,1.0,1
27,54,1.0,1
27,56,1.0,1
27,58,1.0,1
27,64,1.0,1
27,71,1.0,1
27,72,1.0,1
27,74,1.0,1
27,82,1.0,1
27,83,1.0,1
27,93,1.0,1
27,110,1.0,1
27,111,1.0,1
27,115,1.0,1
27,118,1.0,1
27,119,1.0,1
27,129,1.0,1
27,135,1.0,1
27,150,1.0,1
28,29,1.0,1
28,30,1.0,1
28,41,1.0,1
28,42,1.0,1
28,43,1.0,1
28,44,1.0,1
28,49,1.0,1
28,51,1.0,1
28,52,1.0,1
28,71,1.0,1
28,72,1.0,1
28,115,1.0,1
28,118,1.0,1
28,119,1.0,1
28,134,1.0,1
28,135,1.0,1
29,30,1.0,1
29,35,1.0,1
29,36,1.0,1
29,38,1.0,1
29,40,1.0,1
29,41,1.0,1
29,42,1.0,1
29,43,1.0,1
29,44,1.0,1
29,45,1.0,1
29,46,1.0,1
29,47,1.0,1
29,48,1.0,1
29,49,1.0,1
29,50,1.0,1
29,51,1.0,1
29,52,1.0,1
29,54,1.0,1
29,55,1.0,1
29,56,1.0,1
29,57,1.0,1
29,58,1.0,1
29,59,1.0,1
29,64,1.0,1
29,65,1.0,1
29,66,1.0,1
29,70,1.0,1
29,71,1.0,1
29,72,1.0,1
29,73,1.0,1
29,74,1.0,1
29,77,1.0,1
29,82,1.0,1
29,83,1.0,1
29,104,1.0,1
29,105,1.0,1
29,110,1.0,1
29,111,1.0,1
29,112,1.0,1
29,113,1.0,1
29,114,1.0,1
29,115,1.0,1
29,116,1.0,1
29,117,1.0,1
29,118,1.0,1
29,119,1.0,1
29,135,1.0,1
29,151,1.0,1
30,36,1.0,1
30,38,1.0,1
30,40,1.0,1
30,41,1.0,1
30,42,1.0,1
30,43,1.0,1
30,44,1.0,1
30,49,1.0,1
30,51,1.0,1
30,52,1.0,1
30,55,1.0,1
30,56,1.0,1
30,57,1.0,1
30,58,1.0,1
30,59,1.0,1
30,71,1.0,1
30,72,1.0,1
30,73,1.0,1
30,74,1.0,1
30,93,1.0,1
30,113,1.0,1
30,115,1.0,1
30,116,1.0,1
30,117,1.0,1
30,118,1.0,1
30,119,1.0,1
30,134,1.0,1
30,135,1.0,1
31,32,1.0,1
31,37,1.0,1
31,39,1.0,1
31,40,1.0,1
31,79,1.0,1
31,85,1.0,1
31,86,1.0,1
31,98,1.0,1
31,124,1.0,1
31,125,1.0,1
31,126,1.0,1
31,127,1.0,1
31,139,1.0,1
31,140,1.0,1
31,141,1.0,1
31,142,1.0,1
31,148,1.0,1
31,154,1.0,1
31,162,1.0,1
31,163,1.0,1
32,34,1.0,1
32,39,1.0,1
32,40,1.0,1
32,55,1.0,1
32,85,1.0,1
32,86,1.0,1
32,127,1.0,1
32,139,1.0,1
32,140,1.0,1
32,141,1.0,1
32,142,1.0,1
33,34,1.0,1
33,37,1.0,1
33,39,1.0,1
33,53,1.0,1
33,55,1.0,1
33,57,1.0,1
33,85,1.0,1
33,86,1.0,1
33,87,1.0,1
33,126,1.0,1
33,139,1.0,1
33,141,1.0,1
33,159,1.0,1
34,39,1.0,1
34,55,1.0,1
34,56,1.0,1
34,85,1.0,1
34,86,1.0,1
34,87,1.0,1
34,93,1.0,1
34,126,1.0,1
34,139,1.0,1
34,140,1.0,1
34,141,1.0,1
34,142,1.0,1
34,159,1.0,1
35,36,1.0,1
35,45,1.0,1
35,46,1.0,1
35,47,1.0,1
35,48,1.0,1
35,54,1.0,1
35,58,1.0,1
35,59,1.0,1
35,63,1.0,1
35,64,1.0,1
35,65,1.0,1
35,66,1.0,1
35,67,1.0,1
35,68,1.0,1
35,69,1.0,1
35,70,1.0,1
35,71,1.0,1
35,77,1.0,1
35,78,1.0,1
35,82,1.0,1
35,83,1.0,1
35,90,1.0,1
35,91,1.0,1
35,103,1.0,1
35,104,1.0,1
35,105,1.0,1
35,110,1.0,1
35,111,1.0,1
35,112,1.0,1
35,113,1.0,1
35,114,1.0,1
35,115,1.0,1
35,121,1.0,1
35,138,1.0,1
35,147,1.0,1
35,151,1.0,1
35,152,1.0,1
36,43,1.0,1
36,44,1.0,1
36,45,1.0,1
36,46,1.0,1
36,48,1.0,1
36,49,1.0,1
36,58,1.0,1
36,64,1.0,1
36,65,1.0,1
36,66,1.0,1
36,67,1.0,1
36,68,1.0,1
36,69,1.0,1
36,70,1.0,1
36,71,1.0,1
36,72,1.0,1
36,82,1.0,1
36,83,1.0,1
36,87,1.0,1
36,109,1.0,1
36,110,1.0,1
36,111,1.0,1
36,112,1.0,1
36,113,1.0,1
36,118,1.0,1
36,135,1.0,1
36,147,1.0,1
36,151,1.0,1
36,152,1.0,1
37,38,1.0,1
37,39,1.0,1
37,40,1.0,1
37,45,1.0,1
37,46,1.0,1
37,57,1.0,1
37,65,1.0,1
37,68,1.0,1
37,70,1.0,1
37,71,1.0,1
37,72,1.0,1
37,73,1.0,1
37,74,1.0,1
37,75,1.0,1
37,76,1.0,1
37,82,1.0,1
37,85,1.0,1
37,86,1.0,1
37,87,1.0,1
37,88,1.0,1
37,89,1.0,1
37,109,1.0,1
37,139,1.0,1
37,141,1.0,1
38,39,1.0,1
38,40,1.0,1
38,42,1.0,1
38,44,1.0,1
38,45,1.0,1
38,46,1.0,1
38,55,1.0,1
38,56,1.0,1
38,57,1.0,1
38,58,1.0,1
38,64,1.0,1
38,65,1.0,1
38,66,1.0,1
38,68,1.0,1
38,70,1.0,1
38,71,1.0,1
38,72,1.0,1
38,73,1.0,1
38,74,1.0,1
38,75,1.0,1
38,76,1.0,1
38,82,1.0,1
38,83,1.0,1
38,87,1.0,1
38,88,1.0,1
38,109,1.0,1
38,139,1.0,1
38,140,1.0,1
38,142,1.0,1
38,150,1.0,1
39,40,1.0,1
39,57,1.0,1
39,73,1.0,1
39,75,1.0,1
39,85,1.0,1
39,86,1.0,1
39,127,1.0,1
39,139,1.0,1
39,140,1.0,1
39,141,1.0,1
39,142,1.0,1
40,42,1.0,1
40,44,1.0,1
40,46,1.0,1
40,55,1.0,1
40,56,1.0,1
40,57,1.0,1
40,68,1.0,1
40,72,1.0,1
40,73,1.0,1
40,74,1.0,1
40,127,1.0,1
40,139,1.0,1
40,140,1.0,1
40,141,1.0,1
40,142,1.0,1
40,150,1.0,1
40,164,1.0,1
41,42,1.0,1
41,43,1.0,1
41,44,1.0,1
41,49,1.0,1
41,51,1.0,1
41,52,1.0,1
41,72,1.0,1
41,115,1.0,1
41,116,1.0,1
41,117,1.0,1
41,118,1.0,1
41,119,1.0,1
42,44,1.0,1
42,49,1.0,1
42,51,1.0,1
42,52,1.0,1
42,55,1.0,1
42,56,1.0,1
42,58,1.0,1
42,72,1.0,1
42,74,1.0,1
42,119,1.0,1
42,142,1.0,1
42,150,1.0,1
43,44,1.0,1
43,46,1.0,1
43,57,1.0,1
43,58,1.0,1
43,63,1.0,1
43,70,1.0,1
43,71,1.0,1
43,72,1.0,1
43,73,1.0,1
43,150,1.0,1
44,45,1.0,1
44,46,1.0,1
44,49,1.0,1
44,51,1.0,1
44,52,1.0,1
44,57,1.0,1
44,58,1.0,1
44,64,1.0,1
44,68,1.0,1
44,70,1.0,1
44,71,1.0,1
44,72,1.0,1
44,74,1.0,1
44,111,1.0,1
44,118,1.0,1
44,119,1.0,1
44,147,1.0,1
44,150,1.0,1
45,46,1.0,1
45,54,1.0,1
45,56,1.0,1
45,58,1.0,1
45,64,1.0,1
45,65,1.0,1
45,66,1.0,1
45,67,1.0,1
45,68,1.0,1
45,69,1.0,1
45,70,1.0,1
45,71,1.0,1
45,72,1.0,1
45,74,1.0,1
45,76,1.0,1
45,77,1.0,1
45,78,1.0,1
45,82,1.0,1
45,83,1.0,1
45,103,1.0,1
45,104,1.0,1
45,105,1.0,1
45,109,1.0,1
45,110,1.0,1
45,111,1.0,1
45,112,1.0,1
45,113,1.0,1
45,147,1.0,1
45,160,1.0,1
46,54,1.0,1
46,56,1.0,1
46,57,1.0,1
46,58,1.0,1
46,60,1.0,1
46,63,1.0,1
46,64,1.0,1
46,65,1.0,1
46,66,1.0,1
46,67,1.0,1
46,68,1.0,1
46,69,1.0,1
46,70,1.0,1
46,71,1.0,1
46,72,1.0,1
46,73,1.0,1
46,74,1.0,1
46,76,1.0,1
46,77,1.0,1
46,78,1.0,1
46,82,1.0,1
46,83,1.0,1
46,109,1.0,1
46,110,1.0,1
46,111,1.0,1
46,112,1.0,1
46,113,1.0,1
46,147,1.0,1
46,150,1.0,1
46,152,1.0,1
46,160,1.0,1
47,48,1.0,1
47,52,1.0,1
47,54,1.0,1
47,59,1.0,1
47,60,1.0,1
47,64,1.0,1
47,92,1.0,1
47,93,1.0,1
47,94,1.0,1
47,95,1.0,1
47,100,1.0,1
47,102,1.0,1
47,103,1.0,1
47,110,1.0,1
47,111,1.0,1
47,112,1.0,1
47,114,1.0,1
47,115,1.0,1
47,138,1.0,1
48,50,1.0,1
48,52,1.0,1
48,54,1.0,1
48,56,1.0,1
48,58,1.0,1
48,59,1.0,1
48,60,1.0,1
48,64,1.0,1
48,69,1.0,1
48,76,1.0,1
48,77,1.0,1
48,78,1.0,1
48,83,1.0,1
48,93,1.0,1
48,95,1.0,1
48,103,1.0,1
48,104,1.0,1
48,110,1.0,1
48,111,1.0,1
48,112,1.0,1
48,114,1.0,1
48,135,1.0,1
48,147,1.0,1
49,50,1.0,1
49,51,1.0,1
49,52,1.0,1
49,58,1.0,1
49,72,1.0,1
49,114,1.0,1
49,115,1.0,1
49,116,1.0,1
49,118,1.0,1
49,119,1.0,1
50,52,1.0,1
50,54,1.0,1
50,64,1.0,1
50,66,1.0,1
50,82,1.0,1
50,83,1.0,1
50,110,1.0,1
50,111,1.0,1
50,147,1.0,1
50,163,1.0,1
51,52,1.0,1
51,55,1.0,1
51,56,1.0,1
51,72,1.0,1
51,113,1.0,1
51,114,1.0,1
51,115,1.0,1
51,116,1.0,1
51,117,1.0,1
51,118,1.0,1
51,119,1.0,1
51,134,1.0,1
51,135,1.0,1
52,54,1.0,1
52,56,1.0,1
52,58,1.0,1
52,64,1.0,1
52,71,1.0,1
52,72,1.0,1
52,74,1.0,1
52,110,1.0,1
52,111,1.0,1
52,115,1.0,1
52,116,1.0,1
52,117,1.0,1
52,118,1.0,1
52,119,1.0,1
53,55,1.0,1
53,56,1.0,1
53,81,1.0,1
53,84,1.0,1
53,92,1.0,1
54,55,1.0,1
54,56,1.0,1
54,58,1.0,1
54,59,1.0,1
54,60,1.0,1
54,64,1.0,1
54,65,1.0,1
54,66,1.0,1
54,67,1.0,1
54,69,1.0,1
54,74,1.0,1
54,76,1.0,1
54,77,1.0,1
54,78,1.0,1
54,82,1.0,1
54,83,1.0,1
54,103,1.0,1
54,104,1.0,1
54,105,1.0,1
54,110,1.0,1
54,111,1.0,1
54,112,1.0,1
54,145,1.0,1
55,56,1.0,1
55,57,1.0,1
55,58,1.0,1
55,72,1.0,1
55,73,1.0,1
55,74,1.0,1
55,81,1.0,1
55,88,1.0,1
55,92,1.0,1
55,93,1.0,1
55,142,1.0,1
56,57,1.0,1
56,58,1.0,1
56,64,1.0,1
56,72,1.0,1
56,73,1.0,1
56,74,1.0,1
56,76,1.0,1
56,93,1.0,1
56,142,1.0,1
57,58,1.0,1
57,63,1.0,1
57,64,1.0,1
57,68,1.0,1
57,70,1.0,1
57,71,1.0,1
57,72,1.0,1
57,73,1.0,1
57,74,1.0,1
57,75,1.0,1
57,76,1.0,1
57,139,1.0,1
57,150,1.0,1
58,64,1.0,1
58,65,1.0,1
58,66,1.0,1
58,68,1.0,1
58,70,1.0,1
58,71,1.0,1
58,72,1.0,1
58,73,1.0,1
58,74,1.0,1
58,76,1.0,1
58,78,1.0,1
58,82,1.0,1
58,83,1.0,1
58,93,1.0,1
58,104,1.0,1
58,105,1.0,1
58,110,1.0,1
58,111,1.0,1
58,112,1.0,1
58,147,1.0,1
58,150,1.0,1
59,60,1.0,1
59,61,1.0,1
59,65,1.0,1
59,66,1.0,1
59,71,1.0,1
59,74,1.0,1
59,83,1.0,1
59,92,1.0,1
59,93,1.0,1
59,94,1.0,1
59,100,1.0,1
59,101,1.0,1
59,102,1.0,1
59,103,1.0,1
59,110,1.0,1
59,111,1.0,1
59,112,1.0,1
60,61,1.0,1
60,62,1.0,1
60,64,1.0,1
60,65,1.0,1
60,66,1.0,1
60,67,1.0,1
60,68,1.0,1
60,70,1.0,1
60,83,1.0,1
60,94,1.0,1
60,100,1.0,1
60,101,1.0,1
60,102,1.0,1
61,94,1.0,1
61,102,1.0,1
62,65,1.0,1
62,66,1.0,1
62,67,1.0,1
62,68,1.0,1
62,70,1.0,1
62,103,1.0,1
63,64,1.0,1
63,65,1.0,1
63,66,1.0,1
63,67,1.0,1
63,68,1.0,1
63,69,1.0,1
63,70,1.0,1
63,71,1.0,1
63,75,1.0,1
63,76,1.0,1
63,77,1.0,1
63,78,1.0,1
63,104,1.0,1
63,112,1.0,1
63,149,1.0,1
63,150,1.0,1
63,151,1.0,1
63,152,1.0,1
64,65,1.0,1
64,66,1.0,1
64,67,1.0,1
64,68,1.0,1
64,69,1.0,1
64,70,1.0,1
64,71,1.0,1
64,72,1.0,1
64,73,1.0,1
64,74,1.0,1
64,75,1.0,1
64,76,1.0,1
64,77,1.0,1
64,78,1.0,1
64,82,1.0,1
64,83,1.0,1
64,90,1.0,1
64,91,1.0,1
64,103,1.0,1
64,104,1.0,1
64,105,1.0,1
64,110,1.0,1
64,111,1.0,1
64,112,1.0,1
64,147,1.0,1
64,150,1.0,1
64,151,1.0,1
64,152,1.0,1
64,160,1.0,1
65,66,1.0,1
65,67,1.0,1
65,68,1.0,1
65,69,1.0,1
65,70,1.0,1
65,71,1.0,1
65,72,1.0,1
65,74,1.0,1
65,75,1.0,1
65,76,1.0,1
65,77,1.0,1
65,78,1.0,1
65,82,1.0,1
65,83,1.0,1
65,103,1.0,1
65,104,1.0,1
65,110,1.0,1
65,111,1.0,1
65,112,1.0,1
65,147,1.0,1
65,151,1.0,1
65,152,1.0,1
65,160,1.0,1
66,67,1.0,1
66,68,1.0,1
66,69,1.0,1
66,70,1.0,1
66,72,1.0,1
66,74,1.0,1
66,75,1.0,1
66,76,1.0,1
66,77,1.0,1
66,78,1.0,1
66,82,1.0,1
66,83,1.0,1
66,103,1.0,1
66,104,1.0,1
66,105,1.0,1
66,110,1.0,1
66,111,1.0,1
66,112,1.0,1
66,113,1.0,1
66,147,1.0,1
66,151,1.0,1
66,152,1.0,1
66,160,1.0,1
67,68,1.0,1
67,69,1.0,1
67,70,1.0,1
67,71,1.0,1
67,74,1.0,1
67,75,1.0,1
67,76,1.0,1
67,77,1.0,1
67,78,1.0,1
67,82,1.0,1
67,83,1.0,1
67,89,1.0,1
67,90,1.0,1
67,91,1.0,1
67,103,1.0,1
67,104,1.0,1
67,105,1.0,1
67,110,1.0,1
67,111,1.0,1
67,112,1.0,1
67,147,1.0,1
67,151,1.0,1
67,152,1.0,1
67,160,1.0,1
68,69,1.0,1
68,70,1.0,1
68,71,1.0,1
68,72,1.0,1
68,73,1.0,1
68,74,1.0,1
68,75,1.0,1
68,76,1.0,1
68,77,1.0,1
68,78,1.0,1
68,82,1.0,1
68,83,1.0,1
68,89,1.0,1
68,90,1.0,1
68,91,1.0,1
68,98,1.0,1
68,99,1.0,1
68,103,1.0,1
68,104,1.0,1
68,105,1.0,1
68,106,1.0,1
68,107,1.0,1
68,109,1.0,1
68,110,1.0,1
68,111,1.0,1
68,112,1.0,1
68,147,1.0,1
68,148,1.0,1
68,150,1.0,1
68,152,1.0,1
68,160,1.0,1
68,162,1.0,1
69,70,1.0,1
69,71,1.0,1
69,75,1.0,1
69,76,1.0,1
69,77,1.0,1
69,78,1.0,1
69,82,1.0,1
69,83,1.0,1
69,90,1.0,1
69,91,1.0,1
69,103,1.0,1
69,104,1.0,1
69,105,1.0,1
69,108,1.0,1
69,109,1.0,1
69,110,1.0,1
69,111,1.0,1
69,112,1.0,1
69,121,1.0,1
69,147,1.0,1
69,151,1.0,1
69,152,1.0,1
69,160,1.0,1
70,71,1.0,1
70,72,1.0,1
70,73,1.0,1
70,74,1.0,1
70,75,1.0,1
70,76,1.0,1
70,77,1.0,1
70,78,1.0,1
70,82,1.0,1
70,83,1.0,1
70,87,1.0,1
70,90,1.0,1
70,91,1.0,1
70,103,1.0,1
70,104,1.0,1
70,105,1.0,1
70,108,1.0,1
70,109,1.0,1
70,110,1.0,1
70,111,1.0,1
70,112,1.0,1
70,147,1.0,1
70,150,1.0,1
70,152,1.0,1
70,160,1.0,1
71,72,1.0,1
71,73,1.0,1
71,74,1.0,1
71,82,1.0,1
71,83,1.0,1
71,109,1.0,1
71,111,1.0,1
71,112,1.0,1
71,113,1.0,1
72,73,1.0,1
72,74,1.0,1
72,82,1.0,1
72,83,1.0,1
72,109,1.0,1
72,110,1.0,1
72,111,1.0,1
72,112,1.0,1
72,113,1.0,1
72,115,1.0,1
72,116,1.0,1
72,117,1.0,1
72,118,1.0,1
72,119,1.0,1
72,150,1.0,1
73,74,1.0,1
73,75,1.0,1
73,76,1.0,1
73,87,1.0,1
73,89,1.0,1
74,75,1.0,1
74,76,1.0,1
74,82,1.0,1
74,83,1.0,1
74,88,1.0,1
74,89,1.0,1
74,111,1.0,1
75,76,1.0,1
75,77,1.0,1
75,78,1.0,1
75,85,1.0,1
75,88,1.0,1
75,89,1.0,1
75,90,1.0,1
75,91,1.0,1
75,98,1.0,1
75,104,1.0,1
75,105,1.0,1
75,106,1.0,1
76,77,1.0,1
76,78,1.0,1
76,82,1.0,1
76,83,1.0,1
76,88,1.0,1
76,89,1.0,1
76,90,1.0,1
76,91,1.0,1
76,96,1.0,1
76,98,1.0,1
76,99,1.0,1
76,103,1.0,1
76,104,1.0,1
76,105,1.0,1
76,106,1.0,1
76,107,1.0,1
76,112,1.0,1
77,78,1.0,1
77,82,1.0,1
77,83,1.0,1
77,90,1.0,1
77,91,1.0,1
77,98,1.0,1
77,99,1.0,1
77,103,1.0,1
77,104,1.0,1
77,105,1.0,1
77,106,1.0,1
77,107,1.0,1
77,110,1.0,1
77,111,1.0,1
77,112,1.0,1
77,122,1.0,1
77,147,1.0,1
77,148,1.0,1
77,151,1.0,1
77,152,1.0,1
77,160,1.0,1
78,82,1.0,1
78,83,1.0,1
78,90,1.0,1
78,91,1.0,1
78,98,1.0,1
78,99,1.0,1
78,103,1.0,1
78,104,1.0,1
78,105,1.0,1
78,106,1.0,1
78,107,1.0,1
78,110,1.0,1
78,111,1.0,1
78,112,1.0,1
78,121,1.0,1
78,122,1.0,1
78,123,1.0,1
78,147,1.0,1
78,148,1.0,1
78,151,1.0,1
78,152,1.0,1
78,160,1.0,1
79,80,1.0,1
79,90,1.0,1
79,91,1.0,1
79,98,1.0,1
79,99,1.0,1
79,106,1.0,1
79,107,1.0,1
79,120,1.0,1
79,121,1.0,1
79,122,1.0,1
79,123,1.0,1
79,148,1.0,1
79,161,1.0,1
79,163,1.0,1
80,90,1.0,1
80,91,1.0,1
80,98,1.0,1
80,99,1.0,1
80,105,1.0,1
80,106,1.0,1
80,107,1.0,1
80,120,1.0,1
80,121,1.0,1
80,122,1.0,1
80,123,1.0,1
80,148,1.0,1
80,161,1.0,1
81,84,1.0,1
81,92,1.0,1
81,93,1.0,1
81,97,1.0,1
82,83,1.0,1
82,90,1.0,1
82,104,1.0,1
82,105,1.0,1
82,109,1.0,1
82,110,1.0,1
82,111,1.0,1
82,112,1.0,1
82,113,1.0,1
82,147,1.0,1
82,151,1.0,1
82,152,1.0,1
82,160,1.0,1
83,103,1.0,1
83,104,1.0,1
83,105,1.0,1
83,110,1.0,1
83,111,1.0,1
83,112,1.0,1
83,113,1.0,1
83,147,1.0,1
83,151,1.0,1
83,152,1.0,1
83,160,1.0,1
84,88,1.0,1
84,92,1.0,1
84,93,1.0,1
84,144,1.0,1
85,86,1.0,1
85,87,1.0,1
85,88,1.0,1
85,108,1.0,1
85,126,1.0,1
85,127,1.0,1
85,139,1.0,1
85,140,1.0,1
85,141,1.0,1
86,87,1.0,1
86,88,1.0,1
86,108,1.0,1
86,126,1.0,1
86,127,1.0,1
86,139,1.0,1
86,140,1.0,1
86,141,1.0,1
87,88,1.0,1
87,89,1.0,1
87,108,1.0,1
87,109,1.0,1
87,126,1.0,1
87,147,1.0,1
87,160,1.0,1
88,89,1.0,1
88,154,1.0,1
89,90,1.0,1
89,91,1.0,1
89,98,1.0,1
90,91,1.0,1
90,98,1.0,1
90,99,1.0,1
90,104,1.0,1
90,105,1.0,1
90,106,1.0,1
90,107,1.0,1
90,112,1.0,1
90,120,1.0,1
90,121,1.0,1
90,122,1.0,1
90,123,1.0,1
90,147,1.0,1
90,148,1.0,1
90,151,1.0,1
90,152,1.0,1
90,160,1.0,1
90,161,1.0,1
91,98,1.0,1
91,99,1.0,1
91,104,1.0,1
91,105,1.0,1
91,106,1.0,1
91,107,1.0,1
91,112,1.0,1
91,120,1.0,1
91,121,1.0,1
91,122,1.0,1
91,123,1.0,1
91,148,1.0,1
91,152,1.0,1
92,93,1.0,1
92,94,1.0,1
93,94,1.0,1
93,95,1.0,1
93,102,1.0,1
93,115,1.0,1
93,135,1.0,1
94,95,1.0,1
94,100,1.0,1
94,101,1.0,1
94,102,1.0,1
94,103,1.0,1
95,100,1.0,1
95,101,1.0,1
95,102,1.0,1
95,133,1.0,1
95,138,1.0,1
95,143,1.0,1
96,97,1.0,1
96,103,1.0,1
96,132,1.0,1
97,132,1.0,1
97,133,1.0,1
97,154,1.0,1
98,99,1.0,1
98,104,1.0,1
98,105,1.0,1
98,106,1.0,1
98,107,1.0,1
98,120,1.0,1
98,121,1.0,1
98,122,1.0,1
98,123,1.0,1
98,124,1.0,1
98,148,1.0,1
98,161,1.0,1
99,104,1.0,1
99,105,1.0,1
99,106,1.0,1
99,107,1.0,1
99,112,1.0,1
99,120,1.0,1
99,121,1.0,1
99,122,1.0,1
99,123,1.0,1
99,124,1.0,1
99,148,1.0,1
99,161,1.0,1
100,102,1.0,1
101,102,1.0,1
102,103,1.0,1
102,113,1.0,1
102,118,1.0,1
102,133,1.0,1
102,134,1.0,1
103,105,1.0,1
103,110,1.0,1
103,111,1.0,1
103,112,1.0,1
103,132,1.0,1
103,133,1.0,1
104,105,1.0,1
104,106,1.0,1
104,107,1.0,1
104,110,1.0,1
104,111,1.0,1
104,112,1.0,1
104,122,1.0,1
104,123,1.0,1
104,147,1.0,1
104,148,1.0,1
104,151,1.0,1
104,152,1.0,1
104,160,1.0,1
105,106,1.0,1
105,107,1.0,1
105,110,1.0,1
105,111,1.0,1
105,112,1.0,1
105,122,1.0,1
105,123,1.0,1
105,147,1.0,1
105,148,1.0,1
105,151,1.0,1
105,152,1.0,1
105,160,1.0,1
105,162,1.0,1
106,107,1.0,1
106,121,1.0,1
106,122,1.0,1
106,123,1.0,1
106,147,1.0,1
106,148,1.0,1
106,155,1.0,1
106,161,1.0,1
107,121,1.0,1
107,122,1.0,1
107,123,1.0,1
107,124,1.0,1
107,125,1.0,1
107,148,1.0,1
107,155,1.0,1
107,161,1.0,1
108,109,1.0,1
109,112,1.0,1
109,128,1.0,1
110,111,1.0,1
110,112,1.0,1
110,113,1.0,1
110,114,1.0,1
110,115,1.0,1
110,116,1.0,1
110,117,1.0,1
110,118,1.0,1
110,119,1.0,1
110,147,1.0,1
110,151,1.0,1
110,152,1.0,1
111,112,1.0,1
111,113,1.0,1
111,114,1.0,1
111,117,1.0,1
111,118,1.0,1
111,147,1.0,1
111,151,1.0,1
111,152,1.0,1
111,160,1.0,1
112,113,1.0,1
112,117,1.0,1
112,118,1.0,1
112,120,1.0,1
112,121,1.0,1
112,147,1.0,1
112,151,1.0,1
112,152,1.0,1
112,160,1.0,1
113,114,1.0,1
113,115,1.0,1
113,116,1.0,1
113,117,1.0,1
113,118,1.0,1
113,119,1.0,1
114,115,1.0,1
114,116,1.0,1
114,117,1.0,1
114,118,1.0,1
114,119,1.0,1
115,116,1.0,1
115,117,1.0,1
115,118,1.0,1
115,119,1.0,1
116,117,1.0,1
116,118,1.0,1
116,119,1.0,1
117,118,1.0,1
117,119,1.0,1
117,134,1.0,1
118,119,1.0,1
118,134,1.0,1
118,135,1.0,1
119,134,1.0,1
119,135,1.0,1
120,121,1.0,1
120,123,1.0,1
120,161,1.0,1
121,123,1.0,1
121,161,1.0,1
122,123,1.0,1
122,124,1.0,1
122,125,1.0,1
122,148,1.0,1
122,155,1.0,1
122,161,1.0,1
123,124,1.0,1
123,148,1.0,1
123,155,1.0,1
123,161,1.0,1
124,125,1.0,1
124,139,1.0,1
124,155,1.0,1
126,127,1.0,1
126,128,1.0,1
126,136,1.0,1
126,139,1.0,1
126,141,1.0,1
127,128,1.0,1
127,136,1.0,1
127,139,1.0,1
127,140,1.0,1
127,141,1.0,1
127,142,1.0,1
128,129,1.0,1
128,135,1.0,1
129,135,1.0,1
132,133,1.0,1
134,135,1.0,1
136,137,1.0,1
138,143,1.0,1
138,144,1.0,1
138,158,1.0,1
138,164,1.0,1
139,140,1.0,1
139,141,1.0,1
139,142,1.0,1
139,148,1.0,1
140,141,1.0,1
140,142,1.0,1
140,148,1.0,1
141,142,1.0,1
142,150,1.0,1
143,144,1.0,1
143,145,1.0,1
143,158,1.0,1
143,164,1.0,1
144,158,1.0,1
144,164,1.0,1
145,146,1.0,1
145,147,1.0,1
145,158,1.0,1
145,160,1.0,1
146,147,1.0,1
146,151,1.0,1
146,152,1.0,1
146,160,1.0,1
147,148,1.0,1
147,151,1.0,1
147,152,1.0,1
147,160,1.0,1
147,162,1.0,1
148,152,1.0,1
148,160,1.0,1
148,161,1.0,1
148,162,1.0,1
149,152,1.0,1
151,152,1.0,1
152,162,1.0,1
153,154,1.0,1
158,164,1.0,1
1,2,1.0,2
1,3,1.0,2
1,4,1.0,2
1,9,1.0,2
1,24,1.0,2
1,31,1.0,2
1,32,1.0,2
1,33,1.0,2
1,34,1.0,2
1,40,1.0,2
1,48,1.0,2
1,53,1.0,2
1,54,1.0,2
1,55,1.0,2
1,56,1.0,2
1,74,1.0,2
1,75,1.0,2
1,76,1.0,2
1,81,1.0,2
1,84,1.0,2
1,85,1.0,2
1,86,1.0,2
1,87,1.0,2
1,88,1.0,2
1,89,1.0,2
1,92,1.0,2
1,93,1.0,2
1,96,1.0,2
1,97,1.0,2
1,100,1.0,2
1,103,1.0,2
1,122,1.0,2
1,124,1.0,2
1,125,1.0,2
1,126,1.0,2
1,127,1.0,2
1,132,1.0,2
1,133,1.0,2
1,135,1.0,2
1,136,1.0,2
1,137,1.0,2
1,140,1.0,2
1,141,1.0,2
1,142,1.0,2
1,153,1.0,2
1,154,1.0,2
1,155,1.0,2
1,163,1.0,2
2,3,1.0,2
2,4,1.0,2
2,5,1.0,2
2,6,1.0,2
2,7,1.0,2
2,9,1.0,2
2,10,1.0,2
2,11,1.0,2
2,19,1.0,2
2,21,1.0,2
2,22,1.0,2
2,23,1.0,2
2,24,1.0,2
2,29,1.0,2
2,30,1.0,2
2,32,1.0,2
2,34,1.0,2
2,37,1.0,2
2,38,1.0,2
2,39,1.0,2
2,40,1.0,2
2,42,1.0,2
2,45,1.0,2
2,46,1.0,2
2,47,1.0,2
2,48,1.0,2
2,53,1.0,2
2,54,1.0,2
2,55,1.0,2
2,56,1.0,2
2,57,1.0,2
2,58,1.0,2
2,59,1.0,2
2,60,1.0,2
2,64,1.0,2
2,65,1.0,2
2,66,1.0,2
2,67,1.0,2
2,68,1.0,2
2,73,1.0,2
2,74,1.0,2
2,75,1.0,2
2,76,1.0,2
2,77,1.0,2
2,78,1.0,2
2,81,1.0,2
2,82,1.0,2
2,83,1.0,2
2,84,1.0,2
2,85,1.0,2
2,86,1.0,2
2,87,1.0,2
2,88,1.0,2
2,89,1.0,2
2,93,1.0,2
2,96,1.0,2
2,97,1.0,2
2,100,1.0,2
2,101,1.0,2
2,102,1.0,2
2,103,1.0,2
2,104,1.0,2
2,105,1.0,2
2,106,1.0,2
2,124,1.0,2
2,132,1.0,2
2,133,1.0,2
2,135,1.0,2
2,139,1.0,2
2,140,1.0,2
2,141,1.0,2
2,142,1.0,2
2,153,1.0,2
2,154,1.0,2
2,163,1.0,2
3,4,1.0,2
3,5,1.0,2
3,6,1.0,2
3,7,1.0,2
3,10,1.0,2
3,11,1.0,2
3,12,1.0,2
3,18,1.0,2
3,19,1.0,2
3,21,1.0,2
3,22,1.0,2
3,23,1.0,2
3,24,1.0,2
3,25,1.0,2
3,26,1.0,2
3,29,1.0,2
3,30,1.0,2
3,31,1.0,2
3,32,1.0,2
3,33,1.0,2
3,34,1.0,2
3,37,1.0,2
3,38,1.0,2
3,39,1.0,2
3,40,1.0,2
3,45,1.0,2
3,46,1.0,2
3,47,1.0,2
3,48,1.0,2
3,53,1.0,2
3,54,1.0,2
3,55,1.0,2
3,56,1.0,2
3,57,1.0,2
3,58,1.0,2
3,59,1.0,2
3,60,1.0,2
3,61,1.0,2
3,63,1.0,2
3,64,1.0,2
3,65,1.0,2
3,66,1.0,2
3,67,1.0,2
3,68,1.0,2
3,69,1.0,2
3,70,1.0,2
3,71,1.0,2
3,73,1.0,2
3,74,1.0,2
3,75,1.0,2
3,76,1.0,2
3,77,1.0,2
3,78,1.0,2
3,81,1.0,2
3,82,1.0,2
3,83,1.0,2
3,84,1.0,2
3,85,1.0,2
3,86,1.0,2
3,87,1.0,2
3,88,1.0,2
3,89,1.0,2
3,92,1.0,2
3,93,1.0,2
3,96,1.0,2
3,97,1.0,2
3,100,1.0,2
3,102,1.0,2
3,103,1.0,2
3,104,1.0,2
3,105,1.0,2
3,112,1.0,2
3,124,1.0,2
3,132,1.0,2
3,133,1.0,2
3,139,1.0,2
3,140,1.0,2
3,141,1.0,2
3,142,1.0,2
3,153,1.0,2
3,154,1.0,2
3,160,1.0,2
4,7,1.0,2
4,8,1.0,2
4,9,1.0,2
4,10,1.0,2
4,11,1.0,2
4,12,1.0,2
4,19,1.0,2
4,21,1.0,2
4,22,1.0,2
4,24,1.0,2
4,26,1.0,2
4,30,1.0,2
4,31,1.0,2
4,32,1.0,2
4,34,1.0,2
4,37,1.0,2
4,38,1.0,2
4,39,1.0,2
4,40,1.0,2
4,47,1.0,2
4,48,1.0,2
4,53,1.0,2
4,54,1.0,2
4,55,1.0,2
4,56,1.0,2
4,57,1.0,2
4,58,1.0,2
4,59,1.0,2
4,60,1.0,2
4,64,1.0,2
4,67,1.0,2
4,68,1.0,2
4,73,1.0,2
4,74,1.0,2
4,75,1.0,2
4,76,1.0,2
4,77,1.0,2
4,78,1.0,2
4,81,1.0,2
4,82,1.0,2
4,83,1.0,2
4,84,1.0,2
4,85,1.0,2
4,86,1.0,2
4,87,1.0,2
4,88,1.0,2
4,89,1.0,2
4,91,1.0,2
4,93,1.0,2
4,96,1.0,2
4,97,1.0,2
4,98,1.0,2
4,99,1.0,2
4,100,1.0,2
4,102,1.0,2
4,103,1.0,2
4,104,1.0,2
4,105,1.0,2
4,106,1.0,2
4,107,1.0,2
4,122,1.0,2
4,123,1.0,2
4,124,1.0,2
4,125,1.0,2
4,126,1.0,2
4,132,1.0,2
4,133,1.0,2
4,139,1.0,2
4,140,1.0,2
4,141,1.0,2
4,142,1.0,2
4,147,1.0,2
4,148,1.0,2
4,153,1.0,2
4,154,1.0,2
4,159,1.0,2
4,160,1.0,2
4,163,1.0,2
5,6,1.0,2
5,7,1.0,2
5,10,1.0,2
5,11,1.0,2
5,17,1.0,2
5,18,1.0,2
5,19,1.0,2
5,20,1.0,2
5,21,1.0,2
5,22,1.0,2
5,23,1.0,2
5,27,1.0,2
5,29,1.0,2
5,30,1.0,2
5,35,1.0,2
5,36,1.0,2
5,37,1.0,2
5,38,1.0,2
5,40,1.0,2
5,42,1.0,2
5,43,1.0,2
5,44,1.0,2
5,45,1.0,2
5,46,1.0,2
5,47,1.0,2
5,48,1.0,2
5,49,1.0,2
5,50,1.0,2
5,51,1.0,2
5,52,1.0,2
5,54,1.0,2
5,55,1.0,2
5,56,1.0,2
5,57,1.0,2
5,58,1.0,2
5,59,1.0,2
5,60,1.0,2
5,63,1.0,2
5,64,1.0,2
5,65,1.0,2
5,66,1.0,2
5,67,1.0,2
5,68,1.0,2
5,69,1.0,2
5,70,1.0,2
5,71,1.0,2
5,72,1.0,2
5,73,1.0,2
5,74,1.0,2
5,75,1.0,2
5,76,1.0,2
5,77,1.0,2
5,78,1.0,2
5,82,1.0,2
5,83,1.0,2
5,90,1.0,2
5,93,1.0,2
5,96,1.0,2
5,102,1.0,2
5,103,1.0,2
5,104,1.0,2
5,105,1.0,2
5,107,1.0,2
5,110,1.0,2
5,111,1.0,2
5,112,1.0,2
5,113,1.0,2
5,114,1.0,2
5,115,1.0,2
5,116,1.0,2
5,117,1.0,2
5,118,1.0,2
5,119,1.0,2
5,134,1.0,2
5,135,1.0,2
5,147,1.0,2
5,148,1.0,2
5,151,1.0,2
5,152,1.0,2
5,160,1.0,2
6,7,1.0,2
6,10,1.0,2
6,11,1.0,2
6,17,1.0,2
6,18,1.0,2
6,19,1.0,2
6,20,1.0,2
6,21,1.0,2
6,22,1.0,2
6,23,1.0,2
6,27,1.0,2
6,29,1.0,2
6,30,1.0,2
6,35,1.0,2
6,36,1.0,2
6,37,1.0,2
6,38,1.0,2
6,40,1.0,2
6,42,1.0,2
6,44,1.0,2
6,45,1.0,2
6,46,1.0,2
6,47,1.0,2
6,48,1.0,2
6,49,1.0,2
6,50,1.0,2
6,51,1.0,2
6,52,1.0,2
6,54,1.0,2
6,55,1.0,2
6,56,1.0,2
6,58,1.0,2
6,59,1.0,2
6,60,1.0,2
6,63,1.0,2
6,64,1.0,2
6,65,1.0,2
6,66,1.0,2
6,67,1.0,2
6,68,1.0,2
6,69,1.0,2
6,70,1.0,2
6,71,1.0,2
6,72,1.0,2
6,74,1.0,2
6,75,1.0,2
6,76,1.0,2
6,77,1.0,2
6,78,1.0,2
6,82,1.0,2
6,83,1.0,2
6,90,1.0,2
6,91,1.0,2
6,93,1.0,2
6,96,1.0,2
6,102,1.0,2
6,103,1.0,2
6,104,1.0,2
6,105,1.0,2
6,107,1.0,2
6,110,1.0,2
6,111,1.0,2
6,112,1.0,2
6,113,1.0,2
6,114,1.0,2
6,115,1.0,2
6,116,1.0,2
6,117,1.0,2
6,118,1.0,2
6,119,1.0,2
6,134,1.0,2
6,135,1.0,2
6,147,1.0,2
6,151,1.0,2
6,152,1.0,2
6,160,1.0,2
7,10,1.0,2
7,11,1.0,2
7,17,1.0,2
7,18,1.0,2
7,19,1.0,2
7,20,1.0,2
7,21,1.0,2
7,22,1.0,2
7,27,1.0,2
7,29,1.0,2
7,30,1.0,2
7,35,1.0,2
7,36,1.0,2
7,37,1.0,2
7,38,1.0,2
7,40,1.0,2
7,44,1.0,2
7,45,1.0,2
7,46,1.0,2
7,47,1.0,2
7,48,1.0,2
7,50,1.0,2
7,51,1.0,2
7,52,1.0,2
7,53,1.0,2
7,54,1.0,2
7,55,1.0,2
7,56,1.0,2
7,57,1.0,2
7,58,1.0,2
7,59,1.0,2
7,60,1.0,2
7,61,1.0,2
7,63,1.0,2
7,64,1.0,2
7,65,1.0,2
7,66,1.0,2
7,67,1.0,2
7,68,1.0,2
7,69,1.0,2
7,70,1.0,2
7,71,1.0,2
7,72,1.0,2
7,73,1.0,2
7,74,1.0,2
7,75,1.0,2
7,76,1.0,2
7,77,1.0,2
7,78,1.0,2
7,82,1.0,2
7,83,1.0,2
7,89,1.0,2
7,90,1.0,2
7,91,1.0,2
7,93,1.0,2
7,96,1.0,2
7,100,1.0,2
7,102,1.0,2
7,103,1.0,2
7,104,1.0,2
7,105,1.0,2
7,107,1.0,2
7,110,1.0,2
7,111,1.0,2
7,112,1.0,2
7,113,1.0,2
7,114,1.0,2
7,115,1.0,2
7,116,1.0,2
7,117,1.0,2
7,118,1.0,2
7,119,1.0,2
7,134,1.0,2
7,135,1.0,2
7,145,1.0,2
7,146,1.0,2
7,147,1.0,2
7,148,1.0,2
7,151,1.0,2
7,152,1.0,2
7,160,1.0,2
8,9,1.0,2
8,10,1.0,2
8,11,1.0,2
8,18,1.0,2
8,31,1.0,2
8,62,1.0,2
8,68,1.0,2
8,75,1.0,2
8,76,1.0,2
8,77,1.0,2
8,79,1.0,2
8,80,1.0,2
8,89,1.0,2
8,90,1.0,2
8,91,1.0,2
8,98,1.0,2
8,99,1.0,2
8,104,1.0,2
8,105,1.0,2
8,106,1.0,2
8,107,1.0,2
8,112,1.0,2
8,118,1.0,2
8,120,1.0,2
8,121,1.0,2
8,122,1.0,2
8,123,1.0,2
8,124,1.0,2
8,125,1.0,2
8,138,1.0,2
8,140,1.0,2
8,147,1.0,2
8,148,1.0,2
8,150,1.0,2
8,151,1.0,2
8,152,1.0,2
8,158,1.0,2
8,161,1.0,2
8,162,1.0,2
8,163,1.0,2
9,10,1.0,2
9,11,1.0,2
9,23,1.0,2
9,24,1.0,2
9,27,1.0,2
9,29,1.0,2
9,30,1.0,2
9,31,1.0,2
9,32,1.0,2
9,34,1.0,2
9,38,1.0,2
9,42,1.0,2
9,44,1.0,2
9,51,1.0,2
9,55,1.0,2
9,56,1.0,2
9,58,1.0,2
9,64,1.0,2
9,68,1.0,2
9,72,1.0,2
9,74,1.0,2
9,75,1.0,2
9,76,1.0,2
9,77,1.0,2
9,78,1.0,2
9,79,1.0,2
9,80,1.0,2
9,81,1.0,2
9,84,1.0,2
9,86,1.0,2
9,88,1.0,2
9,89,1.0,2
9,90,1.0,2
9,91,1.0,2
9,96,1.0,2
9,97,1.0,2
9,98,1.0,2
9,99,1.0,2
9,100,1.0,2
9,101,1.0,2
9,104,1.0,2
9,105,1.0,2
9,106,1.0,2
9,107,1.0,2
9,118,1.0,2
9,119,1.0,2
9,122,1.0,2
9,123,1.0,2
9,124,1.0,2
9,125,1.0,2
9,126,1.0,2
9,127,1.0,2
9,133,1.0,2
9,135,1.0,2
9,136,1.0,2
9,137,1.0,2
9,139,1.0,2
9,140,1.0,2
9,142,1.0,2
9,148,1.0,2
9,150,1.0,2
9,152,1.0,2
9,154,1.0,2
9,155,1.0,2
9,156,1.0,2
9,160,1.0,2
9,161,1.0,2
9,163,1.0,2
10,11,1.0,2
10,17,1.0,2
10,19,1.0,2
10,20,1.0,2
10,21,1.0,2
10,22,1.0,2
10,24,1.0,2
10,27,1.0,2
10,29,1.0,2
10,30,1.0,2
10,31,1.0,2
10,38,1.0,2
10,40,1.0,2
10,42,1.0,2
10,44,1.0,2
10,45,1.0,2
10,46,1.0,2
10,47,1.0,2
10,48,1.0,2
10,50,1.0,2
10,51,1.0,2
10,52,1.0,2
10,53,1.0,2
10,54,1.0,2
10,55,1.0,2
10,56,1.0,2
10,57,1.0,2
10,58,1.0,2
10,59,1.0,2
10,60,1.0,2
10,63,1.0,2
10,64,1.0,2
10,65,1.0,2
10,66,1.0,2
10,67,1.0,2
10,68,1.0,2
10,70,1.0,2
10,72,1.0,2
10,73,1.0,2
10,74,1.0,2
10,75,1.0,2
10,76,1.0,2
10,77,1.0,2
10,78,1.0,2
10,80,1.0,2
10,82,1.0,2
10,83,1.0,2
10,89,1.0,2
10,90,1.0,2
10,91,1.0,2
10,94,1.0,2
10,96,1.0,2
10,97,1.0,2
10,98,1.0,2
10,99,1.0,2
10,100,1.0,2
10,101,1.0,2
10,102,1.0,2
10,103,1.0,2
10,104,1.0,2
10,105,1.0,2
10,106,1.0,2
10,107,1.0,2
10,110,1.0,2
10,111,1.0,2
10,112,1.0,2
10,113,1.0,2
10,114,1.0,2
10,116,1.0,2
10,117,1.0,2
10,118,1.0,2
10,119,1.0,2
10,121,1.0,2
10,122,1.0,2
10,123,1.0,2
10,133,1.0,2
10,134,1.0,2
10,135,1.0,2
10,139,1.0,2
10,140,1.0,2
10,146,1.0,2
10,147,1.0,2
10,148,1.0,2
10,150,1.0,2
10,151,1.0,2
10,152,1.0,2
10,160,1.0,2
10,161,1.0,2
10,162,1.0,2
11,17,1.0,2
11,19,1.0,2
11,20,1.0,2
11,21,1.0,2
11,22,1.0,2
11,23,1.0,2
11,24,1.0,2
11,27,1.0,2
11,29,1.0,2
11,30,1.0,2
11,31,1.0,2
11,37,1.0,2
11,38,1.0,2
11,40,1.0,2
11,42,1.0,2
11,44,1.0,2
11,45,1.0,2
11,46,1.0,2
11,47,1.0,2
11,48,1.0,2
11,50,1.0,2
11,51,1.0,2
11,52,1.0,2
11,53,1.0,2
11,54,1.0,2
11,55,1.0,2
11,56,1.0,2
11,57,1.0,2
11,58,1.0,2
11,59,1.0,2
11,60,1.0,2
11,63,1.0,2
11,64,1.0,2
11,65,1.0,2
11,66,1.0,2
11,67,1.0,2
11,68,1.0,2
11,69,1.0,2
11,70,1.0,2
11,72,1.0,2
11,73,1.0,2
11,74,1.0,2
11,75,1.0,2
11,76,1.0,2
11,77,1.0,2
11,78,1.0,2
11,81,1.0,2
11,82,1.0,2
11,83,1.0,2
11,88,1.0,2
11,89,1.0,2
11,90,1.0,2
11,91,1.0,2
11,93,1.0,2
11,94,1.0,2
11,96,1.0,2
11,97,1.0,2
11,98,1.0,2
11,99,1.0,2
11,100,1.0,2
11,101,1.0,2
11,102,1.0,2
11,103,1.0,2
11,104,1.0,2
11,105,1.0,2
11,106,1.0,2
11,107,1.0,2
11,110,1.0,2
11,111,1.0,2
11,112,1.0,2
11,113,1.0,2
11,114,1.0,2
11,116,1.0,2
11,117,1.0,2
11,118,1.0,2
11,119,1.0,2
11,121,1.0,2
11,122,1.0,2
11,123,1.0,2
11,133,1.0,2
11,134,1.0,2
11,135,1.0,2
11,139,1.0,2
11,140,1.0,2
11,142,1.0,2
11,146,1.0,2
11,147,1.0,2
11,148,1.0,2
11,150,1.0,2
11,151,1.0,2
11,152,1.0,2
11,155,1.0,2
11,160,1.0,2
11,161,1.0,2
12,13,1.0,2
12,14,1.0,2
12,15,1.0,2
12,16,1.0,2
12,17,1.0,2
12,18,1.0,2
12,21,1.0,2
12,22,1.0,2
12,23,1.0,2
12,25,1.0,2
12,26,1.0,2
12,30,1.0,2
12,33,1.0,2
12,34,1.0,2
12,35,1.0,2
12,36,1.0,2
12,37,1.0,2
12,38,1.0,2
12,39,1.0,2
12,40,1.0,2
12,43,1.0,2
12,57,1.0,2
12,64,1.0,2
12,68,1.0,2
12,69,1.0,2
12,70,1.0,2
12,71,1.0,2
12,73,1.0,2
12,74,1.0,2
12,75,1.0,2
12,76,1.0,2
12,85,1.0,2
12,86,1.0,2
12,87,1.0,2
12,88,1.0,2
12,89,1.0,2
12,92,1.0,2
12,105,1.0,2
12,108,1.0,2
12,109,1.0,2
12,112,1.0,2
12,124,1.0,2
12,125,1.0,2
12,126,1.0,2
12,127,1.0,2
12,128,1.0,2
12,137,1.0,2
12,139,1.0,2
12,147,1.0,2
12,149,1.0,2
12,163,1.0,2
13,14,1.0,2
13,15,1.0,2
13,16,1.0,2
13,17,1.0,2
13,18,1.0,2
13,21,1.0,2
13,22,1.0,2
13,27,1.0,2
13,28,1.0,2
13,29,1.0,2
13,30,1.0,2
13,35,1.0,2
13,36,1.0,2
13,41,1.0,2
13,43,1.0,2
13,44,1.0,2
13,50,1.0,2
13,52,1.0,2
13,63,1.0,2
13,68,1.0,2
13,69,1.0,2
13,70,1.0,2
13,71,1.0,2
13,72,1.0,2
13,73,1.0,2
13,77,1.0,2
13,80,1.0,2
13,82,1.0,2
13,83,1.0,2
13,90,1.0,2
13,91,1.0,2
13,105,1.0,2
13,108,1.0,2
13,109,1.0,2
13,110,1.0,2
13,111,1.0,2
13,112,1.0,2
13,113,1.0,2
13,114,1.0,2
13,115,1.0,2
13,116,1.0,2
13,117,1.0,2
13,118,1.0,2
13,119,1.0,2
13,120,1.0,2
13,121,1.0,2
13,128,1.0,2
13,129,1.0,2
13,147,1.0,2
14,15,1.0,2
14,16,1.0,2
14,17,1.0,2
14,18,1.0,2
14,25,1.0,2
14,26,1.0,2
14,28,1.0,2
14,35,1.0,2
14,36,1.0,2
14,43,1.0,2
14,69,1.0,2
14,70,1.0,2
14,71,1.0,2
14,73,1.0,2
14,85,1.0,2
14,87,1.0,2
14,108,1.0,2
14,109,1.0,2
14,110,1.0,2
14,112,1.0,2
14,114,1.0,2
14,115,1.0,2
14,120,1.0,2
14,121,1.0,2
14,127,1.0,2
14,128,1.0,2
14,129,1.0,2
14,143,1.0,2
14,144,1.0,2
14,158,1.0,2
14,164,1.0,2
15,16,1.0,2
15,17,1.0,2
15,18,1.0,2
15,23,1.0,2
15,25,1.0,2
15,26,1.0,2
15,28,1.0,2
15,33,1.0,2
15,34,1.0,2
15,35,1.0,2
15,36,1.0,2
15,37,1.0,2
15,39,1.0,2
15,40,1.0,2
15,41,1.0,2
15,43,1.0,2
15,44,1.0,2
15,50,1.0,2
15,69,1.0,2
15,70,1.0,2
15,71,1.0,2
15,73,1.0,2
15,85,1.0,2
15,86,1.0,2
15,87,1.0,2
15,108,1.0,2
15,109,1.0,2
15,112,1.0,2
15,126,1.0,2
15,127,1.0,2
15,128,1.0,2
15,147,1.0,2
16,17,1.0,2
16,18,1.0,2
16,23,1.0,2
16,25,1.0,2
16,26,1.0,2
16,28,1.0,2
16,30,1.0,2
16,33,1.0,2
16,34,1.0,2
16,35,1.0,2
16,36,1.0,2
16,37,1.0,2
16,39,1.0,2
16,41,1.0,2
16,43,1.0,2
16,44,1.0,2
16,50,1.0,2
16,57,1.0,2
16,69,1.0,2
16,71,1.0,2
16,73,1.0,2
16,85,1.0,2
16,86,1.0,2
16,87,1.0,2
16,108,1.0,2
16,109,1.0,2
16,112,1.0,2
16,120,1.0,2
16,126,1.0,2
16,127,1.0,2
16,128,1.0,2
16,147,1.0,2
17,18,1.0,2
17,19,1.0,2
17,20,1.0,2
17,21,1.0,2
17,22,1.0,2
17,23,1.0,2
17,27,1.0,2
17,28,1.0,2
17,29,1.0,2
17,30,1.0,2
17,35,1.0,2
17,36,1.0,2
17,37,1.0,2
17,38,1.0,2
17,41,1.0,2
17,42,1.0,2
17,43,1.0,2
17,44,1.0,2
17,45,1.0,2
17,46,1.0,2
17,47,1.0,2
17,49,1.0,2
17,50,1.0,2
17,51,1.0,2
17,52,1.0,2
17,57,1.0,2
17,58,1.0,2
17,63,1.0,2
17,64,1.0,2
17,65,1.0,2
17,66,1.0,2
17,67,1.0,2
17,68,1.0,2
17,69,1.0,2
17,70,1.0,2
17,71,1.0,2
17,72,1.0,2
17,73,1.0,2
17,74,1.0,2
17,77,1.0,2
17,78,1.0,2
17,82,1.0,2
17,83,1.0,2
17,90,1.0,2
17,91,1.0,2
17,98,1.0,2
17,99,1.0,2
17,104,1.0,2
17,105,1.0,2
17,107,1.0,2
17,108,1.0,2
17,109,1.0,2
17,110,1.0,2
17,111,1.0,2
17,112,1.0,2
17,113,1.0,2
17,114,1.0,2
17,115,1.0,2
17,116,1.0,2
17,117,1.0,2
17,118,1.0,2
17,119,1.0,2
17,120,1.0,2
17,121,1.0,2
17,139,1.0,2
17,143,1.0,2
17,147,1.0,2
17,148,1.0,2
17,150,1.0,2
17,151,1.0,2
17,152,1.0,2
17,158,1.0,2
18,21,1.0,2
18,22,1.0,2
18,25,1.0,2
18,26,1.0,2
18,29,1.0,2
18,30,1.0,2
18,35,1.0,2
18,36,1.0,2
18,37,1.0,2
18,39,1.0,2
18,43,1.0,2
18,45,1.0,2
18,57,1.0,2
18,63,1.0,2
18,64,1.0,2
18,65,1.0,2
18,67,1.0,2
18,68,1.0,2
18,69,1.0,2
18,70,1.0,2
18,71,1.0,2
18,73,1.0,2
18,75,1.0,2
18,80,1.0,2
18,82,1.0,2
18,83,1.0,2
18,85,1.0,2
18,87,1.0,2
18,90,1.0,2
18,91,1.0,2
18,98,1.0,2
18,108,1.0,2
18,109,1.0,2
18,110,1.0,2
18,111,1.0,2
18,112,1.0,2
18,113,1.0,2
18,114,1.0,2
18,115,1.0,2
18,117,1.0,2
18,118,1.0,2
18,120,1.0,2
18,121,1.0,2
18,128,1.0,2
18,147,1.0,2
18,149,1.0,2
18,151,1.0,2
19,20,1.0,2
19,21,1.0,2
19,22,1.0,2
19,24,1.0,2
19,29,1.0,2
19,30,1.0,2
19,37,1.0,2
19,38,1.0,2
19,40,1.0,2
19,45,1.0,2
19,46,1.0,2
19,50,1.0,2
19,51,1.0,2
19,52,1.0,2
19,55,1.0,2
19,56,1.0,2
19,58,1.0,2
19,59,1.0,2
19,60,1.0,2
19,64,1.0,2
19,65,1.0,2
19,66,1.0,2
19,67,1.0,2
19,68,1.0,2
19,69,1.0,2
19,70,1.0,2
19,72,1.0,2
19,74,1.0,2
19,75,1.0,2
19,76,1.0,2
19,77,1.0,2
19,78,1.0,2
19,82,1.0,2
19,83,1.0,2
19,88,1.0,2
19,89,1.0,2
19,96,1.0,2
19,100,1.0,2
19,102,1.0,2
19,103,1.0,2
19,104,1.0,2
19,105,1.0,2
19,110,1.0,2
19,111,1.0,2
19,112,1.0,2
19,113,1.0,2
19,118,1.0,2
19,134,1.0,2
19,147,1.0,2
19,148,1.0,2
19,160,1.0,2
20,21,1.0,2
20,22,1.0,2
20,27,1.0,2
20,29,1.0,2
20,38,1.0,2
20,42,1.0,2
20,44,1.0,2
20,45,1.0,2
20,46,1.0,2
20,49,1.0,2
20,50,1.0,2
20,51,1.0,2
20,52,1.0,2
20,58,1.0,2
20,64,1.0,2
20,65,1.0,2
20,66,1.0,2
20,67,1.0,2
20,68,1.0,2
20,72,1.0,2
20,77,1.0,2
20,78,1.0,2
20,82,1.0,2
20,83,1.0,2
20,103,1.0,2
20,104,1.0,2
20,105,1.0,2
20,110,1.0,2
20,111,1.0,2
20,112,1.0,2
20,113,1.0,2
20,116,1.0,2
20,117,1.0,2
20,118,1.0,2
20,119,1.0,2
20,134,1.0,2
20,147,1.0,2
20,148,1.0,2
20,151,1.0,2
21,22,1.0,2
21,23,1.0,2
21,24,1.0,2
21,26,1.0,2
21,27,1.0,2
21,29,1.0,2
21,30,1.0,2
21,32,1.0,2
21,35,1.0,2
21,36,1.0,2
21,37,1.0,2
21,38,1.0,2
21,39,1.0,2
21,40,1.0,2
21,44,1.0,2
21,45,1.0,2
21,46,1.0,2
21,47,1.0,2
21,48,1.0,2
21,50,1.0,2
21,51,1.0,2
21,52,1.0,2
21,53,1.0,2
21,55,1.0,2
21,56,1.0,2
21,57,1.0,2
21,58,1.0,2
21,59,1.0,2
21,60,1.0,2
21,63,1.0,2
21,64,1.0,2
21,65,1.0,2
21,66,1.0,2
21,67,1.0,2
21,68,1.0,2
21,69,1.0,2
21,70,1.0,2
21,71,1.0,2
21,72,1.0,2
21,73,1.0,2
21,74,1.0,2
21,75,1.0,2
21,76,1.0,2
21,77,1.0,2
21,78,1.0,2
21,82,1.0,2
21,83,1.0,2
21,87,1.0,2
21,88,1.0,2
21,89,1.0,2
21,90,1.0,2
21,91,1.0,2
21,96,1.0,2
21,99,1.0,2
21,100,1.0,2
21,102,1.0,2
21,103,1.0,2
21,104,1.0,2
21,105,1.0,2
21,106,1.0,2
21,107,1.0,2
21,110,1.0,2
21,111,1.0,2
21,112,1.0,2
21,113,1.0,2
21,114,1.0,2
21,115,1.0,2
21,116,1.0,2
21,117,1.0,2
21,118,1.0,2
21,139,1.0,2
21,140,1.0,2
21,147,1.0,2
21,148,1.0,2
21,149,1.0,2
21,151,1.0,2
21,152,1.0,2
21,160,1.0,2
22,25,1.0,2
22,26,1.0,2
22,29,1.0,2
22,30,1.0,2
22,35,1.0,2
22,36,1.0,2
22,37,1.0,2
22,38,1.0,2
22,39,1.0,2
22,40,1.0,2
22,43,1.0,2
22,45,1.0,2
22,46,1.0,2
22,47,1.0,2
22,50,1.0,2
22,52,1.0,2
22,53,1.0,2
22,55,1.0,2
22,56,1.0,2
22,57,1.0,2
22,58,1.0,2
22,60,1.0,2
22,63,1.0,2
22,64,1.0,2
22,65,1.0,2
22,66,1.0,2
22,67,1.0,2
22,68,1.0,2
22,69,1.0,2
22,70,1.0,2
22,71,1.0,2
22,72,1.0,2
22,73,1.0,2
22,74,1.0,2
22,75,1.0,2
22,76,1.0,2
22,77,1.0,2
22,78,1.0,2
22,82,1.0,2
22,83,1.0,2
22,87,1.0,2
22,89,1.0,2
22,90,1.0,2
22,91,1.0,2
22,96,1.0,2
22,100,1.0,2
22,102,1.0,2
22,103,1.0,2
22,104,1.0,2
22,105,1.0,2
22,110,1.0,2
22,111,1.0,2
22,112,1.0,2
22,113,1.0,2
22,114,1.0,2
22,115,1.0,2
22,117,1.0,2
22,118,1.0,2
22,121,1.0,2
22,147,1.0,2
22,149,1.0,2
22,151,1.0,2
22,152,1.0,2
23,24,1.0,2
23,25,1.0,2
23,27,1.0,2
23,28,1.0,2
23,29,1.0,2
23,30,1.0,2
23,31,1.0,2
23,32,1.0,2
23,33,1.0,2
23,34,1.0,2
23,37,1.0,2
23,38,1.0,2
23,39,1.0,2
23,40,1.0,2
23,41,1.0,2
23,42,1.0,2
23,43,1.0,2
23,44,1.0,2
23,45,1.0,2
23,46,1.0,2
23,50,1.0,2
23,51,1.0,2
23,52,1.0,2
23,53,1.0,2
23,55,1.0,2
23,56,1.0,2
23,57,1.0,2
23,58,1.0,2
23,62,1.0,2
23,63,1.0,2
23,64,1.0,2
23,66,1.0,2
23,68,1.0,2
23,72,1.0,2
23,73,1.0,2
23,74,1.0,2
23,75,1.0,2
23,76,1.0,2
23,77,1.0,2
23,78,1.0,2
23,85,1.0,2
23,86,1.0,2
23,87,1.0,2
23,92,1.0,2
23,93,1.0,2
23,104,1.0,2
23,105,1.0,2
23,106,1.0,2
23,117,1.0,2
23,118,1.0,2
23,119,1.0,2
23,126,1.0,2
23,127,1.0,2
23,139,1.0,2
23,140,1.0,2
23,141,1.0,2
23,142,1.0,2
23,148,1.0,2
24,25,1.0,2
24,26,1.0,2
24,27,1.0,2
24,29,1.0,2
24,30,1.0,2
24,31,1.0,2
24,32,1.0,2
24,33,1.0,2
24,34,1.0,2
24,37,1.0,2
24,38,1.0,2
24,39,1.0,2
24,40,1.0,2
24,42,1.0,2
24,46,1.0,2
24,47,1.0,2
24,48,1.0,2
24,53,1.0,2
24,54,1.0,2
24,55,1.0,2
24,56,1.0,2
24,57,1.0,2
24,58,1.0,2
24,59,1.0,2
24,60,1.0,2
24,61,1.0,2
24,64,1.0,2
24,68,1.0,2
24,72,1.0,2
24,73,1.0,2
24,74,1.0,2
24,75,1.0,2
24,76,1.0,2
24,77,1.0,2
24,78,1.0,2
24,81,1.0,2
24,84,1.0,2
24,85,1.0,2
24,86,1.0,2
24,87,1.0,2
24,88,1.0,2
24,89,1.0,2
24,93,1.0,2
24,97,1.0,2
24,100,1.0,2
24,101,1.0,2
24,102,1.0,2
24,103,1.0,2
24,104,1.0,2
24,105,1.0,2
24,106,1.0,2
24,107,1.0,2
24,124,1.0,2
24,126,1.0,2
24,127,1.0,2
24,132,1.0,2
24,133,1.0,2
24,139,1.0,2
24,140,1.0,2
24,141,1.0,2
24,142,1.0,2
24,148,1.0,2
24,153,1.0,2
24,154,1.0,2
24,159,1.0,2
24,163,1.0,2
25,26,1.0,2
25,28,1.0,2
25,30,1.0,2
25,31,1.0,2
25,32,1.0,2
25,33,1.0,2
25,34,1.0,2
25,35,1.0,2
25,37,1.0,2
25,38,1.0,2
25,39,1.0,2
25,40,1.0,2
25,41,1.0,2
25,43,1.0,2
25,53,1.0,2
25,55,1.0,2
25,57,1.0,2
25,58,1.0,2
25,61,1.0,2
25,62,1.0,2
25,63,1.0,2
25,69,1.0,2
25,71,1.0,2
25,72,1.0,2
25,73,1.0,2
25,74,1.0,2
25,75,1.0,2
25,85,1.0,2
25,86,1.0,2
25,87,1.0,2
25,92,1.0,2
25,93,1.0,2
25,108,1.0,2
25,124,1.0,2
25,126,1.0,2
25,127,1.0,2
25,139,1.0,2
25,141,1.0,2
25,149,1.0,2
25,153,1.0,2
26,30,1.0,2
26,31,1.0,2
26,33,1.0,2
26,35,1.0,2
26,37,1.0,2
26,39,1.0,2
26,43,1.0,2
26,53,1.0,2
26,55,1.0,2
26,57,1.0,2
26,61,1.0,2
26,62,1.0,2
26,63,1.0,2
26,69,1.0,2
26,70,1.0,2
26,71,1.0,2
26,72,1.0,2
26,73,1.0,2
26,74,1.0,2
26,75,1.0,2
26,85,1.0,2
26,87,1.0,2
26,89,1.0,2
26,92,1.0,2
26,108,1.0,2
26,109,1.0,2
26,124,1.0,2
26,126,1.0,2
26,139,1.0,2
26,141,1.0,2
26,149,1.0,2
26,153,1.0,2
26,159,1.0,2
27,28,1.0,2
27,29,1.0,2
27,30,1.0,2
27,32,1.0,2
27,34,1.0,2
27,36,1.0,2
27,38,1.0,2
27,40,1.0,2
27,41,1.0,2
27,42,1.0,2
27,44,1.0,2
27,45,1.0,2
27,46,1.0,2
27,47,1.0,2
27,48,1.0,2
27,49,1.0,2
27,50,1.0,2
27,51,1.0,2
27,52,1.0,2
27,53,1.0,2
27,54,1.0,2
27,55,1.0,2
27,56,1.0,2
27,58,1.0,2
27,59,1.0,2
27,60,1.0,2
27,64,1.0,2
27,65,1.0,2
27,66,1.0,2
27,67,1.0,2
27,68,1.0,2
27,71,1.0,2
27,72,1.0,2
27,74,1.0,2
27,77,1.0,2
27,78,1.0,2
27,82,1.0,2
27,83,1.0,2
27,93,1.0,2
27,101,1.0,2
27,103,1.0,2
27,104,1.0,2
27,105,1.0,2
27,106,1.0,2
27,107,1.0,2
27,110,1.0,2
27,111,1.0,2
27,112,1.0,2
27,113,1.0,2
27,115,1.0,2
27,116,1.0,2
27,117,1.0,2
27,118,1.0,2
27,119,1.0,2
27,134,1.0,2
27,135,1.0,2
27,139,1.0,2
27,140,1.0,2
27,148,1.0,2
27,150,1.0,2
28,29,1.0,2
28,30,1.0,2
28,33,1.0,2
28,34,1.0,2
28,35,1.0,2
28,36,1.0,2
28,41,1.0,2
28,42,1.0,2
28,43,1.0,2
28,44,1.0,2
28,47,1.0,2
28,49,1.0,2
28,50,1.0,2
28,51,1.0,2
28,52,1.0,2
28,55,1.0,2
28,71,1.0,2
28,72,1.0,2
28,73,1.0,2
28,92,1.0,2
28,93,1.0,2
28,101,1.0,2
28,108,1.0,2
28,109,1.0,2
28,111,1.0,2
28,113,1.0,2
28,114,1.0,2
28,115,1.0,2
28,116,1.0,2
28,117,1.0,2
28,118,1.0,2
28,119,1.0,2
28,126,1.0,2
28,139,1.0,2
29,30,1.0,2
29,34,1.0,2
29,36,1.0,2
29,37,1.0,2
29,38,1.0,2
29,40,1.0,2
29,41,1.0,2
29,42,1.0,2
29,43,1.0,2
29,44,1.0,2
29,45,1.0,2
29,46,1.0,2
29,47,1.0,2
29,48,1.0,2
29,49,1.0,2
29,50,1.0,2
29,51,1.0,2
29,52,1.0,2
29,53,1.0,2
29,54,1.0,2
29,55,1.0,2
29,56,1.0,2
29,57,1.0,2
29,58,1.0,2
29,59,1.0,2
29,60,1.0,2
29,63,1.0,2
29,64,1.0,2
29,65,1.0,2
29,66,1.0,2
29,67,1.0,2
29,68,1.0,2
29,69,1.0,2
29,70,1.0,2
29,71,1.0,2
29,72,1.0,2
29,73,1.0,2
29,74,1.0,2
29,75,1.0,2
29,76,1.0,2
29,77,1.0,2
29,78,1.0,2
29,82,1.0,2
29,83,1.0,2
29,89,1.0,2
29,90,1.0,2
29,91,1.0,2
29,93,1.0,2
29,96,1.0,2
29,99,1.0,2
29,100,1.0,2
29,101,1.0,2
29,103,1.0,2
29,104,1.0,2
29,105,1.0,2
29,106,1.0,2
29,107,1.0,2
29,110,1.0,2
29,111,1.0,2
29,112,1.0,2
29,113,1.0,2
29,114,1.0,2
29,115,1.0,2
29,116,1.0,2
29,117,1.0,2
29,118,1.0,2
29,119,1.0,2
29,134,1.0,2
29,135,1.0,2
29,139,1.0,2
29,140,1.0,2
29,147,1.0,2
29,148,1.0,2
29,150,1.0,2
29,152,1.0,2
29,160,1.0,2
30,31,1.0,2
30,32,1.0,2
30,33,1.0,2
30,34,1.0,2
30,36,1.0,2
30,37,1.0,2
30,38,1.0,2
30,39,1.0,2
30,40,1.0,2
30,41,1.0,2
30,42,1.0,2
30,43,1.0,2
30,44,1.0,2
30,45,1.0,2
30,46,1.0,2
30,47,1.0,2
30,48,1.0,2
30,49,1.0,2
30,50,1.0,2
30,51,1.0,2
30,52,1.0,2
30,53,1.0,2
30,54,1.0,2
30,55,1.0,2
30,56,1.0,2
30,57,1.0,2
30,58,1.0,2
30,59,1.0,2
30,60,1.0,2
30,63,1.0,2
30,64,1.0,2
30,65,1.0,2
30,66,1.0,2
30,67,1.0,2
30,68,1.0,2
30,69,1.0,2
30,70,1.0,2
30,71,1.0,2
30,72,1.0,2
30,73,1.0,2
30,74,1.0,2
30,75,1.0,2
30,76,1.0,2
30,77,1.0,2
30,78,1.0,2
30,82,1.0,2
30,83,1.0,2
30,84,1.0,2
30,89,1.0,2
30,90,1.0,2
30,91,1.0,2
30,92,1.0,2
30,93,1.0,2
30,98,1.0,2
30,99,1.0,2
30,100,1.0,2
30,101,1.0,2
30,102,1.0,2
30,103,1.0,2
30,104,1.0,2
30,105,1.0,2
30,106,1.0,2
30,107,1.0,2
30,110,1.0,2
30,111,1.0,2
30,112,1.0,2
30,113,1.0,2
30,115,1.0,2
30,116,1.0,2
30,117,1.0,2
30,118,1.0,2
30,119,1.0,2
30,139,1.0,2
30,140,1.0,2
30,141,1.0,2
30,142,1.0,2
30,145,1.0,2
30,147,1.0,2
30,148,1.0,2
30,150,1.0,2
30,152,1.0,2
30,160,1.0,2
31,32,1.0,2
31,33,1.0,2
31,34,1.0,2
31,37,1.0,2
31,38,1.0,2
31,39,1.0,2
31,40,1.0,2
31,41,1.0,2
31,42,1.0,2
31,53,1.0,2
31,55,1.0,2
31,56,1.0,2
31,57,1.0,2
31,62,1.0,2
31,64,1.0,2
31,68,1.0,2
31,72,1.0,2
31,73,1.0,2
31,74,1.0,2
31,75,1.0,2
31,76,1.0,2
31,79,1.0,2
31,80,1.0,2
31,85,1.0,2
31,86,1.0,2
31,88,1.0,2
31,89,1.0,2
31,92,1.0,2
31,97,1.0,2
31,98,1.0,2
31,99,1.0,2
31,102,1.0,2
31,104,1.0,2
31,105,1.0,2
31,106,1.0,2
31,107,1.0,2
31,122,1.0,2
31,123,1.0,2
31,124,1.0,2
31,125,1.0,2
31,126,1.0,2
31,127,1.0,2
31,138,1.0,2
31,139,1.0,2
31,140,1.0,2
31,141,1.0,2
31,142,1.0,2
31,145,1.0,2
31,146,1.0,2
31,147,1.0,2
31,148,1.0,2
31,149,1.0,2
31,150,1.0,2
31,151,1.0,2
31,152,1.0,2
31,153,1.0,2
31,154,1.0,2
31,155,1.0,2
31,156,1.0,2
31,158,1.0,2
31,159,1.0,2
31,160,1.0,2
31,161,1.0,2
31,162,1.0,2
31,163,1.0,2
32,33,1.0,2
32,34,1.0,2
32,37,1.0,2
32,38,1.0,2
32,39,1.0,2
32,40,1.0,2
32,42,1.0,2
32,51,1.0,2
32,53,1.0,2
32,55,1.0,2
32,56,1.0,2
32,57,1.0,2
32,58,1.0,2
32,60,1.0,2
32,62,1.0,2
32,64,1.0,2
32,68,1.0,2
32,72,1.0,2
32,74,1.0,2
32,75,1.0,2
32,76,1.0,2
32,81,1.0,2
32,84,1.0,2
32,85,1.0,2
32,86,1.0,2
32,87,1.0,2
32,88,1.0,2
32,89,1.0,2
32,92,1.0,2
32,93,1.0,2
32,100,1.0,2
32,104,1.0,2
32,105,1.0,2
32,106,1.0,2
32,122,1.0,2
32,123,1.0,2
32,124,1.0,2
32,125,1.0,2
32,126,1.0,2
32,127,1.0,2
32,139,1.0,2
32,140,1.0,2
32,141,1.0,2
32,142,1.0,2
32,148,1.0,2
32,150,1.0,2
32,152,1.0,2
32,153,1.0,2
32,154,1.0,2
32,159,1.0,2
32,163,1.0,2
33,34,1.0,2
33,37,1.0,2
33,39,1.0,2
33,40,1.0,2
33,41,1.0,2
33,42,1.0,2
33,43,1.0,2
33,47,1.0,2
33,48,1.0,2
33,53,1.0,2
33,54,1.0,2
33,55,1.0,2
33,56,1.0,2
33,57,1.0,2
33,61,1.0,2
33,62,1.0,2
33,71,1.0,2
33,73,1.0,2
33,81,1.0,2
33,84,1.0,2
33,85,1.0,2
33,86,1.0,2
33,87,1.0,2
33,92,1.0,2
33,93,1.0,2
33,100,1.0,2
33,102,1.0,2
33,124,1.0,2
33,126,1.0,2
33,127,1.0,2
33,128,1.0,2
33,138,1.0,2
33,139,1.0,2
33,141,1.0,2
33,153,1.0,2
33,155,1.0,2
33,158,1.0,2
34,38,1.0,2
34,39,1.0,2
34,40,1.0,2
34,41,1.0,2
34,42,1.0,2
34,44,1.0,2
34,48,1.0,2
34,50,1.0,2
34,51,1.0,2
34,53,1.0,2
34,54,1.0,2
34,55,1.0,2
34,56,1.0,2
34,57,1.0,2
34,58,1.0,2
34,62,1.0,2
34,64,1.0,2
34,74,1.0,2
34,76,1.0,2
34,81,1.0,2
34,84,1.0,2
34,85,1.0,2
34,86,1.0,2
34,87,1.0,2
34,88,1.0,2
34,89,1.0,2
34,92,1.0,2
34,93,1.0,2
34,100,1.0,2
34,101,1.0,2
34,104,1.0,2
34,106,1.0,2
34,122,1.0,2
34,124,1.0,2
34,125,1.0,2
34,126,1.0,2
34,127,1.0,2
34,133,1.0,2
34,139,1.0,2
34,140,1.0,2
34,141,1.0,2
34,142,1.0,2
34,148,1.0,2
34,153,1.0,2
34,154,1.0,2
34,155,1.0,2
35,36,1.0,2
35,37,1.0,2
35,41,1.0,2
35,43,1.0,2
35,45,1.0,2
35,47,1.0,2
35,57,1.0,2
35,63,1.0,2
35,65,1.0,2
35,67,1.0,2
35,69,1.0,2
35,70,1.0,2
35,71,1.0,2
35,73,1.0,2
35,82,1.0,2
35,83,1.0,2
35,90,1.0,2
35,92,1.0,2
35,108,1.0,2
35,109,1.0,2
35,110,1.0,2
35,111,1.0,2
35,112,1.0,2
35,113,1.0,2
35,114,1.0,2
35,115,1.0,2
35,116,1.0,2
35,117,1.0,2
35,118,1.0,2
35,120,1.0,2
35,121,1.0,2
35,128,1.0,2
35,129,1.0,2
35,138,1.0,2
35,143,1.0,2
35,144,1.0,2
35,147,1.0,2
35,149,1.0,2
35,158,1.0,2
35,164,1.0,2
36,37,1.0,2
36,41,1.0,2
36,43,1.0,2
36,44,1.0,2
36,45,1.0,2
36,46,1.0,2
36,49,1.0,2
36,50,1.0,2
36,51,1.0,2
36,52,1.0,2
36,63,1.0,2
36,64,1.0,2
36,65,1.0,2
36,67,1.0,2
36,68,1.0,2
36,69,1.0,2
36,70,1.0,2
36,71,1.0,2
36,72,1.0,2
36,73,1.0,2
36,77,1.0,2
36,82,1.0,2
36,83,1.0,2
36,85,1.0,2
36,87,1.0,2
36,92,1.0,2
36,108,1.0,2
36,109,1.0,2
36,110,1.0,2
36,111,1.0,2
36,112,1.0,2
36,113,1.0,2
36,114,1.0,2
36,115,1.0,2
36,116,1.0,2
36,117,1.0,2
36,118,1.0,2
36,119,1.0,2
36,120,1.0,2
36,121,1.0,2
36,126,1.0,2
36,127,1.0,2
36,128,1.0,2
36,147,1.0,2
36,152,1.0,2
37,38,1.0,2
37,39,1.0,2
37,40,1.0,2
37,43,1.0,2
37,45,1.0,2
37,46,1.0,2
37,47,1.0,2
37,52,1.0,2
37,53,1.0,2
37,55,1.0,2
37,56,1.0,2
37,57,1.0,2
37,58,1.0,2
37,63,1.0,2
37,64,1.0,2
37,65,1.0,2
37,66,1.0,2
37,67,1.0,2
37,68,1.0,2
37,69,1.0,2
37,70,1.0,2
37,71,1.0,2
37,72,1.0,2
37,73,1.0,2
37,74,1.0,2
37,75,1.0,2
37,76,1.0,2
37,82,1.0,2
37,83,1.0,2
37,85,1.0,2
37,86,1.0,2
37,87,1.0,2
37,88,1.0,2
37,89,1.0,2
37,92,1.0,2
37,96,1.0,2
37,103,1.0,2
37,105,1.0,2
37,108,1.0,2
37,111,1.0,2
37,112,1.0,2
37,113,1.0,2
37,115,1.0,2
37,117,1.0,2
37,124,1.0,2
37,126,1.0,2
37,139,1.0,2
37,141,1.0,2
37,147,1.0,2
37,149,1.0,2
37,151,1.0,2
37,153,1.0,2
38,39,1.0,2
38,40,1.0,2
38,42,1.0,2
38,44,1.0,2
38,45,1.0,2
38,46,1.0,2
38,47,1.0,2
38,48,1.0,2
38,50,1.0,2
38,51,1.0,2
38,52,1.0,2
38,53,1.0,2
38,54,1.0,2
38,55,1.0,2
38,56,1.0,2
38,57,1.0,2
38,58,1.0,2
38,59,1.0,2
38,64,1.0,2
38,65,1.0,2
38,66,1.0,2
38,67,1.0,2
38,68,1.0,2
38,69,1.0,2
38,70,1.0,2
38,71,1.0,2
38,72,1.0,2
38,73,1.0,2
38,74,1.0,2
38,75,1.0,2
38,76,1.0,2
38,77,1.0,2
38,78,1.0,2
38,82,1.0,2
38,83,1.0,2
38,85,1.0,2
38,86,1.0,2
38,87,1.0,2
38,88,1.0,2
38,89,1.0,2
38,93,1.0,2
38,96,1.0,2
38,97,1.0,2
38,100,1.0,2
38,101,1.0,2
38,103,1.0,2
38,104,1.0,2
38,105,1.0,2
38,106,1.0,2
38,107,1.0,2
38,111,1.0,2
38,112,1.0,2
38,113,1.0,2
38,116,1.0,2
38,117,1.0,2
38,118,1.0,2
38,119,1.0,2
38,126,1.0,2
38,133,1.0,2
38,134,1.0,2
38,135,1.0,2
38,139,1.0,2
38,140,1.0,2
38,141,1.0,2
38,142,1.0,2
38,148,1.0,2
38,154,1.0,2
39,40,1.0,2
39,41,1.0,2
39,43,1.0,2
39,46,1.0,2
39,53,1.0,2
39,55,1.0,2
39,57,1.0,2
39,58,1.0,2
39,63,1.0,2
39,64,1.0,2
39,67,1.0,2
39,68,1.0,2
39,69,1.0,2
39,70,1.0,2
39,71,1.0,2
39,72,1.0,2
39,73,1.0,2
39,74,1.0,2
39,75,1.0,2
39,76,1.0,2
39,85,1.0,2
39,86,1.0,2
39,87,1.0,2
39,88,1.0,2
39,89,1.0,2
39,92,1.0,2
39,124,1.0,2
39,126,1.0,2
39,127,1.0,2
39,139,1.0,2
39,141,1.0,2
39,149,1.0,2
39,153,1.0,2
40,41,1.0,2
40,42,1.0,2
40,44,1.0,2
40,45,1.0,2
40,46,1.0,2
40,50,1.0,2
40,51,1.0,2
40,52,1.0,2
40,53,1.0,2
40,55,1.0,2
40,56,1.0,2
40,57,1.0,2
40,58,1.0,2
40,59,1.0,2
40,64,1.0,2
40,65,1.0,2
40,66,1.0,2
40,67,1.0,2
40,68,1.0,2
40,70,1.0,2
40,72,1.0,2
40,73,1.0,2
40,74,1.0,2
40,75,1.0,2
40,76,1.0,2
40,77,1.0,2
40,78,1.0,2
40,82,1.0,2
40,83,1.0,2
40,85,1.0,2
40,86,1.0,2
40,87,1.0,2
40,88,1.0,2
40,89,1.0,2
40,93,1.0,2
40,103,1.0,2
40,104,1.0,2
40,105,1.0,2
40,106,1.0,2
40,111,1.0,2
40,113,1.0,2
40,117,1.0,2
40,118,1.0,2
40,119,1.0,2
40,126,1.0,2
40,127,1.0,2
40,139,1.0,2
40,140,1.0,2
40,141,1.0,2
40,142,1.0,2
40,148,1.0,2
40,154,1.0,2
41,42,1.0,2
41,43,1.0,2
41,44,1.0,2
41,49,1.0,2
41,50,1.0,2
41,51,1.0,2
41,52,1.0,2
41,57,1.0,2
41,71,1.0,2
41,72,1.0,2
41,73,1.0,2
41,92,1.0,2
41,93,1.0,2
41,108,1.0,2
41,109,1.0,2
41,113,1.0,2
41,114,1.0,2
41,115,1.0,2
41,116,1.0,2
41,117,1.0,2
41,118,1.0,2
41,119,1.0,2
41,126,1.0,2
41,127,1.0,2
42,44,1.0,2
42,45,1.0,2
42,46,1.0,2
42,48,1.0,2
42,49,1.0,2
42,50,1.0,2
42,51,1.0,2
42,52,1.0,2
42,53,1.0,2
42,54,1.0,2
42,55,1.0,2
42,56,1.0,2
42,58,1.0,2
42,64,1.0,2
42,66,1.0,2
42,68,1.0,2
42,72,1.0,2
42,74,1.0,2
42,76,1.0,2
42,77,1.0,2
42,78,1.0,2
42,81,1.0,2
42,83,1.0,2
42,84,1.0,2
42,86,1.0,2
42,93,1.0,2
42,101,1.0,2
42,103,1.0,2
42,104,1.0,2
42,105,1.0,2
42,106,1.0,2
42,107,1.0,2
42,111,1.0,2
42,113,1.0,2
42,116,1.0,2
42,117,1.0,2
42,118,1.0,2
42,119,1.0,2
42,126,1.0,2
42,127,1.0,2
42,134,1.0,2
42,139,1.0,2
42,140,1.0,2
42,141,1.0,2
42,142,1.0,2
42,148,1.0,2
42,155,1.0,2
43,44,1.0,2
43,52,1.0,2
43,57,1.0,2
43,63,1.0,2
43,67,1.0,2
43,69,1.0,2
43,70,1.0,2
43,71,1.0,2
43,73,1.0,2
43,108,1.0,2
43,109,1.0,2
43,110,1.0,2
43,111,1.0,2
43,112,1.0,2
43,114,1.0,2
43,115,1.0,2
43,117,1.0,2
43,118,1.0,2
43,119,1.0,2
43,149,1.0,2
44,45,1.0,2
44,46,1.0,2
44,49,1.0,2
44,50,1.0,2
44,51,1.0,2
44,52,1.0,2
44,56,1.0,2
44,57,1.0,2
44,58,1.0,2
44,63,1.0,2
44,64,1.0,2
44,65,1.0,2
44,66,1.0,2
44,67,1.0,2
44,68,1.0,2
44,70,1.0,2
44,71,1.0,2
44,72,1.0,2
44,74,1.0,2
44,77,1.0,2
44,78,1.0,2
44,82,1.0,2
44,83,1.0,2
44,93,1.0,2
44,104,1.0,2
44,105,1.0,2
44,106,1.0,2
44,107,1.0,2
44,109,1.0,2
44,110,1.0,2
44,111,1.0,2
44,112,1.0,2
44,113,1.0,2
44,114,1.0,2
44,115,1.0,2
44,116,1.0,2
44,117,1.0,2
44,118,1.0,2
44,119,1.0,2
44,139,1.0,2
44,140,1.0,2
44,148,1.0,2
44,150,1.0,2
44,152,1.0,2
45,46,1.0,2
45,47,1.0,2
45,48,1.0,2
45,50,1.0,2
45,51,1.0,2
45,52,1.0,2
45,54,1.0,2
45,55,1.0,2
45,56,1.0,2
45,57,1.0,2
45,58,1.0,2
45,59,1.0,2
45,60,1.0,2
45,63,1.0,2
45,64,1.0,2
45,65,1.0,2
45,66,1.0,2
45,67,1.0,2
45,68,1.0,2
45,69,1.0,2
45,70,1.0,2
45,71,1.0,2
45,72,1.0,2
45,73,1.0,2
45,74,1.0,2
45,75,1.0,2
45,76,1.0,2
45,77,1.0,2
45,78,1.0,2
45,82,1.0,2
45,83,1.0,2
45,89,1.0,2
45,90,1.0,2
45,91,1.0,2
45,93,1.0,2
45,96,1.0,2
45,102,1.0,2
45,103,1.0,2
45,104,1.0,2
45,105,1.0,2
45,107,1.0,2
45,110,1.0,2
45,111,1.0,2
45,112,1.0,2
45,113,1.0,2
45,114,1.0,2
45,115,1.0,2
45,116,1.0,2
45,117,1.0,2
45,118,1.0,2
45,119,1.0,2
45,134,1.0,2
45,135,1.0,2
45,147,1.0,2
45,151,1.0,2
45,152,1.0,2
45,160,1.0,2
46,47,1.0,2
46,48,1.0,2
46,49,1.0,2
46,50,1.0,2
46,51,1.0,2
46,52,1.0,2
46,53,1.0,2
46,54,1.0,2
46,55,1.0,2
46,56,1.0,2
46,57,1.0,2
46,58,1.0,2
46,59,1.0,2
46,60,1.0,2
46,63,1.0,2
46,64,1.0,2
46,65,1.0,2
46,66,1.0,2
46,67,1.0,2
46,68,1.0,2
46,69,1.0,2
46,70,1.0,2
46,71,1.0,2
46,72,1.0,2
46,73,1.0,2
46,74,1.0,2
46,75,1.0,2
46,76,1.0,2
46,77,1.0,2
46,78,1.0,2
46,82,1.0,2
46,83,1.0,2
46,90,1.0,2
46,91,1.0,2
46,93,1.0,2
46,96,1.0,2
46,100,1.0,2
46,102,1.0,2
46,103,1.0,2
46,104,1.0,2
46,105,1.0,2
46,106,1.0,2
46,107,1.0,2
46,110,1.0,2
46,111,1.0,2
46,112,1.0,2
46,113,1.0,2
46,114,1.0,2
46,115,1.0,2
46,116,1.0,2
46,117,1.0,2
46,118,1.0,2
46,119,1.0,2
46,134,1.0,2
46,135,1.0,2
46,146,1.0,2
46,147,1.0,2
46,148,1.0,2
46,151,1.0,2
46,152,1.0,2
46,160,1.0,2
47,48,1.0,2
47,49,1.0,2
47,50,1.0,2
47,51,1.0,2
47,52,1.0,2
47,53,1.0,2
47,54,1.0,2
47,55,1.0,2
47,56,1.0,2
47,57,1.0,2
47,58,1.0,2
47,59,1.0,2
47,60,1.0,2
47,63,1.0,2
47,64,1.0,2
47,65,1.0,2
47,66,1.0,2
47,67,1.0,2
47,68,1.0,2
47,69,1.0,2
47,70,1.0,2
47,71,1.0,2
47,72,1.0,2
47,73,1.0,2
47,74,1.0,2
47,75,1.0,2
47,76,1.0,2
47,77,1.0,2
47,78,1.0,2
47,82,1.0,2
47,83,1.0,2
47,84,1.0,2
47,88,1.0,2
47,89,1.0,2
47,90,1.0,2
47,91,1.0,2
47,92,1.0,2
47,93,1.0,2
47,94,1.0,2
47,95,1.0,2
47,96,1.0,2
47,100,1.0,2
47,101,1.0,2
47,102,1.0,2
47,103,1.0,2
47,104,1.0,2
47,105,1.0,2
47,107,1.0,2
47,110,1.0,2
47,111,1.0,2
47,112,1.0,2
47,113,1.0,2
47,114,1.0,2
47,115,1.0,2
47,116,1.0,2
47,117,1.0,2
47,118,1.0,2
47,132,1.0,2
47,133,1.0,2
47,134,1.0,2
47,143,1.0,2
47,145,1.0,2
47,147,1.0,2
47,148,1.0,2
47,152,1.0,2
47,158,1.0,2
47,160,1.0,2
48,50,1.0,2
48,51,1.0,2
48,52,1.0,2
48,53,1.0,2
48,54,1.0,2
48,55,1.0,2
48,56,1.0,2
48,58,1.0,2
48,59,1.0,2
48,60,1.0,2
48,64,1.0,2
48,65,1.0,2
48,66,1.0,2
48,67,1.0,2
48,68,1.0,2
48,73,1.0,2
48,74,1.0,2
48,75,1.0,2
48,76,1.0,2
48,77,1.0,2
48,78,1.0,2
48,81,1.0,2
48,82,1.0,2
48,83,1.0,2
48,84,1.0,2
48,88,1.0,2
48,89,1.0,2
48,90,1.0,2
48,91,1.0,2
48,92,1.0,2
48,93,1.0,2
48,94,1.0,2
48,95,1.0,2
48,96,1.0,2
48,97,1.0,2
48,99,1.0,2
48,100,1.0,2
48,101,1.0,2
48,102,1.0,2
48,103,1.0,2
48,104,1.0,2
48,105,1.0,2
48,106,1.0,2
48,107,1.0,2
48,110,1.0,2
48,111,1.0,2
48,112,1.0,2
48,114,1.0,2
48,115,1.0,2
48,132,1.0,2
48,133,1.0,2
48,134,1.0,2
48,135,1.0,2
48,140,1.0,2
48,145,1.0,2
48,147,1.0,2
48,148,1.0,2
48,152,1.0,2
48,160,1.0,2
49,50,1.0,2
49,51,1.0,2
49,52,1.0,2
49,72,1.0,2
49,93,1.0,2
49,111,1.0,2
49,113,1.0,2
49,115,1.0,2
49,116,1.0,2
49,117,1.0,2
49,118,1.0,2
49,119,1.0,2
50,51,1.0,2
50,52,1.0,2
50,54,1.0,2
50,55,1.0,2
50,56,1.0,2
50,58,1.0,2
50,59,1.0,2
50,60,1.0,2
50,64,1.0,2
50,65,1.0,2
50,66,1.0,2
50,67,1.0,2
50,68,1.0,2
50,71,1.0,2
50,72,1.0,2
50,74,1.0,2
50,76,1.0,2
50,77,1.0,2
50,78,1.0,2
50,82,1.0,2
50,83,1.0,2
50,93,1.0,2
50,103,1.0,2
50,104,1.0,2
50,105,1.0,2
50,110,1.0,2
50,111,1.0,2
50,112,1.0,2
50,113,1.0,2
50,117,1.0,2
50,118,1.0,2
50,119,1.0,2
50,145,1.0,2
50,147,1.0,2
51,52,1.0,2
51,55,1.0,2
51,56,1.0,2
51,58,1.0,2
51,59,1.0,2
51,64,1.0,2
51,65,1.0,2
51,66,1.0,2
51,67,1.0,2
51,68,1.0,2
51,71,1.0,2
51,72,1.0,2
51,74,1.0,2
51,76,1.0,2
51,77,1.0,2
51,78,1.0,2
51,81,1.0,2
51,82,1.0,2
51,83,1.0,2
51,93,1.0,2
51,96,1.0,2
51,100,1.0,2
51,104,1.0,2
51,105,1.0,2
51,106,1.0,2
51,107,1.0,2
51,110,1.0,2
51,111,1.0,2
51,113,1.0,2
51,114,1.0,2
51,115,1.0,2
51,116,1.0,2
51,117,1.0,2
51,118,1.0,2
51,119,1.0,2
51,134,1.0,2
51,135,1.0,2
51,140,1.0,2
51,142,1.0,2
51,148,1.0,2
51,150,1.0,2
51,152,1.0,2
51,155,1.0,2
52,54,1.0,2
52,55,1.0,2
52,56,1.0,2
52,58,1.0,2
52,59,1.0,2
52,60,1.0,2
52,64,1.0,2
52,65,1.0,2
52,66,1.0,2
52,67,1.0,2
52,68,1.0,2
52,70,1.0,2
52,71,1.0,2
52,72,1.0,2
52,74,1.0,2
52,76,1.0,2
52,77,1.0,2
52,78,1.0,2
52,82,1.0,2
52,83,1.0,2
52,93,1.0,2
52,104,1.0,2
52,105,1.0,2
52,107,1.0,2
52,110,1.0,2
52,111,1.0,2
52,112,1.0,2
52,113,1.0,2
52,114,1.0,2
52,115,1.0,2
52,116,1.0,2
52,117,1.0,2
52,118,1.0,2
52,119,1.0,2
52,148,1.0,2
52,150,1.0,2
53,54,1.0,2
53,55,1.0,2
53,56,1.0,2
53,57,1.0,2
53,58,1.0,2
53,59,1.0,2
53,60,1.0,2
53,61,1.0,2
53,64,1.0,2
53,66,1.0,2
53,67,1.0,2
53,68,1.0,2
53,73,1.0,2
53,74,1.0,2
53,75,1.0,2
53,76,1.0,2
53,77,1.0,2
53,78,1.0,2
53,81,1.0,2
53,82,1.0,2
53,84,1.0,2
53,85,1.0,2
53,86,1.0,2
53,88,1.0,2
53,89,1.0,2
53,92,1.0,2
53,93,1.0,2
53,94,1.0,2
53,96,1.0,2
53,97,1.0,2
53,100,1.0,2
53,101,1.0,2
53,102,1.0,2
53,103,1.0,2
53,104,1.0,2
53,105,1.0,2
53,124,1.0,2
53,132,1.0,2
53,133,1.0,2
53,134,1.0,2
53,139,1.0,2
53,140,1.0,2
53,141,1.0,2
53,142,1.0,2
53,145,1.0,2
53,146,1.0,2
53,154,1.0,2
54,55,1.0,2
54,56,1.0,2
54,57,1.0,2
54,58,1.0,2
54,59,1.0,2
54,60,1.0,2
54,61,1.0,2
54,62,1.0,2
54,64,1.0,2
54,65,1.0,2
54,66,1.0,2
54,67,1.0,2
54,68,1.0,2
54,73,1.0,2
54,74,1.0,2
54,75,1.0,2
54,76,1.0,2
54,77,1.0,2
54,78,1.0,2
54,81,1.0,2
54,82,1.0,2
54,83,1.0,2
54,84,1.0,2
54,88,1.0,2
54,89,1.0,2
54,92,1.0,2
54,93,1.0,2
54,94,1.0,2
54,95,1.0,2
54,100,1.0,2
54,101,1.0,2
54,102,1.0,2
54,103,1.0,2
54,104,1.0,2
54,105,1.0,2
54,110,1.0,2
54,132,1.0,2
54,133,1.0,2
54,134,1.0,2
54,135,1.0,2
54,145,1.0,2
55,56,1.0,2
55,57,1.0,2
55,58,1.0,2
55,59,1.0,2
55,60,1.0,2
55,61,1.0,2
55,62,1.0,2
55,64,1.0,2
55,65,1.0,2
55,66,1.0,2
55,67,1.0,2
55,68,1.0,2
55,72,1.0,2
55,73,1.0,2
55,74,1.0,2
55,75,1.0,2
55,76,1.0,2
55,77,1.0,2
55,78,1.0,2
55,81,1.0,2
55,82,1.0,2
55,83,1.0,2
55,84,1.0,2
55,85,1.0,2
55,86,1.0,2
55,87,1.0,2
55,88,1.0,2
55,89,1.0,2
55,92,1.0,2
55,93,1.0,2
55,94,1.0,2
55,96,1.0,2
55,97,1.0,2
55,100,1.0,2
55,101,1.0,2
55,102,1.0,2
55,103,1.0,2
55,104,1.0,2
55,105,1.0,2
55,106,1.0,2
55,107,1.0,2
55,122,1.0,2
55,124,1.0,2
55,125,1.0,2
55,126,1.0,2
55,132,1.0,2
55,133,1.0,2
55,134,1.0,2
55,135,1.0,2
55,139,1.0,2
55,140,1.0,2
55,141,1.0,2
55,142,1.0,2
55,145,1.0,2
55,148,1.0,2
55,152,1.0,2
55,153,1.0,2
55,154,1.0,2
55,155,1.0,2
55,160,1.0,2
55,163,1.0,2
56,57,1.0,2
56,58,1.0,2
56,59,1.0,2
56,60,1.0,2
56,61,1.0,2
56,62,1.0,2
56,64,1.0,2
56,65,1.0,2
56,66,1.0,2
56,67,1.0,2
56,68,1.0,2
56,72,1.0,2
56,73,1.0,2
56,74,1.0,2
56,75,1.0,2
56,76,1.0,2
56,77,1.0,2
56,78,1.0,2
56,81,1.0,2
56,82,1.0,2
56,83,1.0,2
56,84,1.0,2
56,86,1.0,2
56,87,1.0,2
56,88,1.0,2
56,89,1.0,2
56,93,1.0,2
56,94,1.0,2
56,96,1.0,2
56,97,1.0,2
56,99,1.0,2
56,100,1.0,2
56,101,1.0,2
56,102,1.0,2
56,103,1.0,2
56,104,1.0,2
56,105,1.0,2
56,106,1.0,2
56,107,1.0,2
56,110,1.0,2
56,111,1.0,2
56,113,1.0,2
56,118,1.0,2
56,122,1.0,2
56,132,1.0,2
56,133,1.0,2
56,134,1.0,2
56,135,1.0,2
56,139,1.0,2
56,140,1.0,2
56,141,1.0,2
56,142,1.0,2
56,145,1.0,2
56,146,1.0,2
56,147,1.0,2
56,148,1.0,2
56,152,1.0,2
56,154,1.0,2
56,160,1.0,2
57,58,1.0,2
57,60,1.0,2
57,61,1.0,2
57,62,1.0,2
57,63,1.0,2
57,64,1.0,2
57,65,1.0,2
57,66,1.0,2
57,67,1.0,2
57,68,1.0,2
57,69,1.0,2
57,70,1.0,2
57,71,1.0,2
57,72,1.0,2
57,73,1.0,2
57,74,1.0,2
57,75,1.0,2
57,76,1.0,2
57,78,1.0,2
57,82,1.0,2
57,85,1.0,2
57,89,1.0,2
57,92,1.0,2
57,100,1.0,2
57,101,1.0,2
57,102,1.0,2
57,103,1.0,2
57,104,1.0,2
57,105,1.0,2
57,112,1.0,2
57,117,1.0,2
57,124,1.0,2
57,126,1.0,2
57,139,1.0,2
57,141,1.0,2
57,149,1.0,2
57,153,1.0,2
58,59,1.0,2
58,60,1.0,2
58,63,1.0,2
58,64,1.0,2
58,65,1.0,2
58,66,1.0,2
58,67,1.0,2
58,68,1.0,2
58,70,1.0,2
58,72,1.0,2
58,73,1.0,2
58,74,1.0,2
58,75,1.0,2
58,76,1.0,2
58,77,1.0,2
58,78,1.0,2
58,81,1.0,2
58,82,1.0,2
58,83,1.0,2
58,84,1.0,2
58,89,1.0,2
58,93,1.0,2
58,94,1.0,2
58,96,1.0,2
58,100,1.0,2
58,101,1.0,2
58,102,1.0,2
58,103,1.0,2
58,104,1.0,2
58,105,1.0,2
58,106,1.0,2
58,107,1.0,2
58,110,1.0,2
58,111,1.0,2
58,112,1.0,2
58,113,1.0,2
58,117,1.0,2
58,118,1.0,2
58,119,1.0,2
58,134,1.0,2
58,135,1.0,2
58,139,1.0,2
58,140,1.0,2
58,142,1.0,2
58,148,1.0,2
59,60,1.0,2
59,61,1.0,2
59,64,1.0,2
59,65,1.0,2
59,66,1.0,2
59,67,1.0,2
59,68,1.0,2
59,72,1.0,2
59,73,1.0,2
59,74,1.0,2
59,75,1.0,2
59,76,1.0,2
59,77,1.0,2
59,78,1.0,2
59,81,1.0,2
59,82,1.0,2
59,83,1.0,2
59,84,1.0,2
59,88,1.0,2
59,89,1.0,2
59,90,1.0,2
59,91,1.0,2
59,92,1.0,2
59,93,1.0,2
59,94,1.0,2
59,95,1.0,2
59,100,1.0,2
59,101,1.0,2
59,102,1.0,2
59,103,1.0,2
59,104,1.0,2
59,105,1.0,2
59,106,1.0,2
59,107,1.0,2
59,111,1.0,2
59,112,1.0,2
59,133,1.0,2
59,134,1.0,2
59,140,1.0,2
59,142,1.0,2
59,148,1.0,2
60,61,1.0,2
60,62,1.0,2
60,63,1.0,2
60,64,1.0,2
60,65,1.0,2
60,66,1.0,2
60,67,1.0,2
60,68,1.0,2
60,71,1.0,2
60,72,1.0,2
60,73,1.0,2
60,74,1.0,2
60,75,1.0,2
60,76,1.0,2
60,77,1.0,2
60,78,1.0,2
60,81,1.0,2
60,82,1.0,2
60,83,1.0,2
60,84,1.0,2
60,89,1.0,2
60,91,1.0,2
60,92,1.0,2
60,93,1.0,2
60,94,1.0,2
60,95,1.0,2
60,100,1.0,2
60,101,1.0,2
60,102,1.0,2
60,103,1.0,2
60,104,1.0,2
60,105,1.0,2
60,110,1.0,2
60,111,1.0,2
60,112,1.0,2
60,113,1.0,2
60,133,1.0,2
60,134,1.0,2
60,142,1.0,2
60,145,1.0,2
60,152,1.0,2
60,160,1.0,2
61,62,1.0,2
61,63,1.0,2
61,75,1.0,2
61,82,1.0,2
61,92,1.0,2
61,93,1.0,2
61,94,1.0,2
61,95,1.0,2
61,100,1.0,2
61,101,1.0,2
61,102,1.0,2
61,132,1.0,2
61,138,1.0,2
61,141,1.0,2
61,143,1.0,2
61,152,1.0,2
61,156,1.0,2
61,158,1.0,2
62,72,1.0,2
62,79,1.0,2
62,80,1.0,2
62,92,1.0,2
62,93,1.0,2
62,95,1.0,2
62,98,1.0,2
62,101,1.0,2
62,102,1.0,2
62,123,1.0,2
62,124,1.0,2
62,125,1.0,2
62,127,1.0,2
62,138,1.0,2
62,139,1.0,2
62,141,1.0,2
62,142,1.0,2
62,143,1.0,2
62,156,1.0,2
62,158,1.0,2
62,164,1.0,2
63,64,1.0,2
63,65,1.0,2
63,66,1.0,2
63,67,1.0,2
63,68,1.0,2
63,69,1.0,2
63,70,1.0,2
63,71,1.0,2
63,72,1.0,2
63,73,1.0,2
63,75,1.0,2
63,76,1.0,2
63,77,1.0,2
63,78,1.0,2
63,82,1.0,2
63,83,1.0,2
63,101,1.0,2
63,102,1.0,2
63,104,1.0,2
63,105,1.0,2
63,110,1.0,2
63,111,1.0,2
63,112,1.0,2
63,113,1.0,2
63,118,1.0,2
63,139,1.0,2
63,149,1.0,2
63,158,1.0,2
64,65,1.0,2
64,66,1.0,2
64,67,1.0,2
64,68,1.0,2
64,69,1.0,2
64,70,1.0,2
64,71,1.0,2
64,72,1.0,2
64,73,1.0,2
64,74,1.0,2
64,75,1.0,2
64,76,1.0,2
64,77,1.0,2
64,78,1.0,2
64,82,1.0,2
64,83,1.0,2
64,87,1.0,2
64,88,1.0,2
64,89,1.0,2
64,93,1.0,2
64,96,1.0,2
64,100,1.0,2
64,101,1.0,2
64,102,1.0,2
64,103,1.0,2
64,104,1.0,2
64,105,1.0,2
64,106,1.0,2
64,107,1.0,2
64,110,1.0,2
64,111,1.0,2
64,112,1.0,2
64,113,1.0,2
64,115,1.0,2
64,117,1.0,2
64,118,1.0,2
64,119,1.0,2
64,133,1.0,2
64,134,1.0,2
64,139,1.0,2
64,140,1.0,2
64,142,1.0,2
64,145,1.0,2
64,146,1.0,2
64,147,1.0,2
64,148,1.0,2
64,152,1.0,2
64,160,1.0,2
65,66,1.0,2
65,67,1.0,2
65,68,1.0,2
65,69,1.0,2
65,70,1.0,2
65,71,1.0,2
65,72,1.0,2
65,73,1.0,2
65,74,1.0,2
65,75,1.0,2
65,76,1.0,2
65,77,1.0,2
65,78,1.0,2
65,82,1.0,2
65,83,1.0,2
65,89,1.0,2
65,90,1.0,2
65,91,1.0,2
65,93,1.0,2
65,96,1.0,2
65,100,1.0,2
65,102,1.0,2
65,103,1.0,2
65,104,1.0,2
65,105,1.0,2
65,110,1.0,2
65,111,1.0,2
65,112,1.0,2
65,113,1.0,2
65,114,1.0,2
65,115,1.0,2
65,116,1.0,2
65,117,1.0,2
65,118,1.0,2
65,119,1.0,2
65,134,1.0,2
65,135,1.0,2
65,147,1.0,2
65,151,1.0,2
65,152,1.0,2
65,160,1.0,2
66,67,1.0,2
66,68,1.0,2
66,69,1.0,2
66,70,1.0,2
66,71,1.0,2
66,72,1.0,2
66,73,1.0,2
66,74,1.0,2
66,75,1.0,2
66,76,1.0,2
66,77,1.0,2
66,78,1.0,2
66,82,1.0,2
66,83,1.0,2
66,89,1.0,2
66,90,1.0,2
66,91,1.0,2
66,93,1.0,2
66,96,1.0,2
66,100,1.0,2
66,102,1.0,2
66,103,1.0,2
66,104,1.0,2
66,105,1.0,2
66,107,1.0,2
66,110,1.0,2
66,111,1.0,2
66,112,1.0,2
66,113,1.0,2
66,114,1.0,2
66,115,1.0,2
66,117,1.0,2
66,118,1.0,2
66,119,1.0,2
66,134,1.0,2
66,135,1.0,2
66,146,1.0,2
66,147,1.0,2
66,148,1.0,2
66,151,1.0,2
66,152,1.0,2
66,160,1.0,2
67,68,1.0,2
67,69,1.0,2
67,70,1.0,2
67,71,1.0,2
67,72,1.0,2
67,73,1.0,2
67,74,1.0,2
67,75,1.0,2
67,76,1.0,2
67,77,1.0,2
67,78,1.0,2
67,82,1.0,2
67,83,1.0,2
67,89,1.0,2
67,90,1.0,2
67,91,1.0,2
67,96,1.0,2
67,98,1.0,2
67,99,1.0,2
67,100,1.0,2
67,102,1.0,2
67,103,1.0,2
67,104,1.0,2
67,105,1.0,2
67,106,1.0,2
67,107,1.0,2
67,110,1.0,2
67,111,1.0,2
67,112,1.0,2
67,113,1.0,2
67,114,1.0,2
67,115,1.0,2
67,117,1.0,2
67,118,1.0,2
67,119,1.0,2
67,120,1.0,2
67,121,1.0,2
67,146,1.0,2
67,147,1.0,2
67,148,1.0,2
67,149,1.0,2
67,151,1.0,2
67,152,1.0,2
67,160,1.0,2
68,69,1.0,2
68,70,1.0,2
68,71,1.0,2
68,72,1.0,2
68,73,1.0,2
68,74,1.0,2
68,75,1.0,2
68,76,1.0,2
68,77,1.0,2
68,78,1.0,2
68,82,1.0,2
68,83,1.0,2
68,88,1.0,2
68,89,1.0,2
68,90,1.0,2
68,91,1.0,2
68,93,1.0,2
68,96,1.0,2
68,98,1.0,2
68,99,1.0,2
68,100,1.0,2
68,101,1.0,2
68,102,1.0,2
68,103,1.0,2
68,104,1.0,2
68,105,1.0,2
68,106,1.0,2
68,107,1.0,2
68,110,1.0,2
68,111,1.0,2
68,112,1.0,2
68,113,1.0,2
68,114,1.0,2
68,115,1.0,2
68,116,1.0,2
68,117,1.0,2
68,118,1.0,2
68,119,1.0,2
68,123,1.0,2
68,135,1.0,2
68,139,1.0,2
68,140,1.0,2
68,142,1.0,2
68,145,1.0,2
68,146,1.0,2
68,147,1.0,2
68,148,1.0,2
68,150,1.0,2
68,151,1.0,2
68,152,1.0,2
68,160,1.0,2
68,161,1.0,2
69,70,1.0,2
69,71,1.0,2
69,73,1.0,2
69,74,1.0,2
69,75,1.0,2
69,76,1.0,2
69,77,1.0,2
69,78,1.0,2
69,82,1.0,2
69,83,1.0,2
69,87,1.0,2
69,89,1.0,2
69,90,1.0,2
69,91,1.0,2
69,108,1.0,2
69,109,1.0,2
69,110,1.0,2
69,111,1.0,2
69,112,1.0,2
69,113,1.0,2
69,114,1.0,2
69,115,1.0,2
69,117,1.0,2
69,118,1.0,2
69,120,1.0,2
69,121,1.0,2
69,147,1.0,2
69,149,1.0,2
69,151,1.0,2
70,71,1.0,2
70,72,1.0,2
70,73,1.0,2
70,74,1.0,2
70,75,1.0,2
70,76,1.0,2
70,77,1.0,2
70,78,1.0,2
70,82,1.0,2
70,83,1.0,2
70,91,1.0,2
70,105,1.0,2
70,108,1.0,2
70,109,1.0,2
70,110,1.0,2
70,111,1.0,2
70,112,1.0,2
70,113,1.0,2
70,114,1.0,2
70,115,1.0,2
70,118,1.0,2
70,147,1.0,2
70,149,1.0,2
70,151,1.0,2
70,152,1.0,2
71,72,1.0,2
71,73,1.0,2
71,74,1.0,2
71,75,1.0,2
71,82,1.0,2
71,83,1.0,2
71,85,1.0,2
71,87,1.0,2
71,91,1.0,2
71,92,1.0,2
71,108,1.0,2
71,109,1.0,2
71,110,1.0,2
71,111,1.0,2
71,112,1.0,2
71,113,1.0,2
71,114,1.0,2
71,115,1.0,2
71,116,1.0,2
71,117,1.0,2
71,118,1.0,2
71,119,1.0,2
71,139,1.0,2
71,147,1.0,2
71,149,1.0,2
71,151,1.0,2
72,73,1.0,2
72,74,1.0,2
72,75,1.0,2
72,76,1.0,2
72,77,1.0,2
72,78,1.0,2
72,82,1.0,2
72,83,1.0,2
72,90,1.0,2
72,93,1.0,2
72,98,1.0,2
72,99,1.0,2
72,100,1.0,2
72,104,1.0,2
72,105,1.0,2
72,106,1.0,2
72,107,1.0,2
72,109,1.0,2
72,110,1.0,2
72,111,1.0,2
72,112,1.0,2
72,113,1.0,2
72,114,1.0,2
72,115,1.0,2
72,116,1.0,2
72,117,1.0,2
72,118,1.0,2
72,119,1.0,2
72,122,1.0,2
72,123,1.0,2
72,139,1.0,2
72,140,1.0,2
72,142,1.0,2
72,147,1.0,2
72,148,1.0,2
72,150,1.0,2
72,152,1.0,2
73,74,1.0,2
73,75,1.0,2
73,76,1.0,2
73,77,1.0,2
73,78,1.0,2
73,82,1.0,2
73,83,1.0,2
73,85,1.0,2
73,87,1.0,2
73,89,1.0,2
73,90,1.0,2
73,91,1.0,2
73,92,1.0,2
73,98,1.0,2
73,99,1.0,2
73,100,1.0,2
73,104,1.0,2
73,105,1.0,2
73,109,1.0,2
73,111,1.0,2
73,112,1.0,2
73,113,1.0,2
73,117,1.0,2
73,139,1.0,2
73,141,1.0,2
73,147,1.0,2
73,149,1.0,2
73,153,1.0,2
73,160,1.0,2
74,75,1.0,2
74,76,1.0,2
74,77,1.0,2
74,78,1.0,2
74,81,1.0,2
74,82,1.0,2
74,83,1.0,2
74,84,1.0,2
74,86,1.0,2
74,87,1.0,2
74,88,1.0,2
74,89,1.0,2
74,93,1.0,2
74,96,1.0,2
74,97,1.0,2
74,100,1.0,2
74,101,1.0,2
74,102,1.0,2
74,103,1.0,2
74,104,1.0,2
74,105,1.0,2
74,106,1.0,2
74,107,1.0,2
74,111,1.0,2
74,112,1.0,2
74,113,1.0,2
74,133,1.0,2
74,135,1.0,2
74,139,1.0,2
74,140,1.0,2
74,141,1.0,2
74,142,1.0,2
74,147,1.0,2
74,148,1.0,2
74,154,1.0,2
74,159,1.0,2
74,160,1.0,2
75,76,1.0,2
75,77,1.0,2
75,78,1.0,2
75,80,1.0,2
75,82,1.0,2
75,83,1.0,2
75,85,1.0,2
75,87,1.0,2
75,88,1.0,2
75,89,1.0,2
75,90,1.0,2
75,91,1.0,2
75,96,1.0,2
75,97,1.0,2
75,98,1.0,2
75,99,1.0,2
75,100,1.0,2
75,102,1.0,2
75,103,1.0,2
75,104,1.0,2
75,105,1.0,2
75,106,1.0,2
75,107,1.0,2
75,111,1.0,2
75,112,1.0,2
75,113,1.0,2
75,122,1.0,2
75,123,1.0,2
75,124,1.0,2
75,133,1.0,2
75,139,1.0,2
75,140,1.0,2
75,141,1.0,2
75,142,1.0,2
75,147,1.0,2
75,148,1.0,2
75,149,1.0,2
75,151,1.0,2
75,152,1.0,2
75,153,1.0,2
75,154,1.0,2
75,160,1.0,2
75,161,1.0,2
76,77,1.0,2
76,78,1.0,2
76,81,1.0,2
76,82,1.0,2
76,83,1.0,2
76,84,1.0,2
76,86,1.0,2
76,87,1.0,2
76,88,1.0,2
76,89,1.0,2
76,90,1.0,2
76,91,1.0,2
76,93,1.0,2
76,96,1.0,2
76,97,1.0,2
76,98,1.0,2
76,99,1.0,2
76,100,1.0,2
76,101,1.0,2
76,102,1.0,2
76,103,1.0,2
76,104,1.0,2
76,105,1.0,2
76,106,1.0,2
76,107,1.0,2
76,111,1.0,2
76,112,1.0,2
76,113,1.0,2
76,122,1.0,2
76,123,1.0,2
76,124,1.0,2
76,125,1.0,2
76,132,1.0,2
76,133,1.0,2
76,134,1.0,2
76,135,1.0,2
76,139,1.0,2
76,140,1.0,2
76,141,1.0,2
76,142,1.0,2
76,147,1.0,2
76,148,1.0,2
76,152,1.0,2
76,153,1.0,2
76,154,1.0,2
76,160,1.0,2
76,163,1.0,2
77,78,1.0,2
77,81,1.0,2
77,82,1.0,2
77,83,1.0,2
77,88,1.0,2
77,89,1.0,2
77,90,1.0,2
77,91,1.0,2
77,93,1.0,2
77,96,1.0,2
77,97,1.0,2
77,98,1.0,2
77,99,1.0,2
77,100,1.0,2
77,101,1.0,2
77,102,1.0,2
77,103,1.0,2
77,104,1.0,2
77,105,1.0,2
77,106,1.0,2
77,107,1.0,2
77,110,1.0,2
77,111,1.0,2
77,112,1.0,2
77,113,1.0,2
77,114,1.0,2
77,115,1.0,2
77,116,1.0,2
77,117,1.0,2
77,118,1.0,2
77,119,1.0,2
77,122,1.0,2
77,123,1.0,2
77,133,1.0,2
77,134,1.0,2
77,135,1.0,2
77,139,1.0,2
77,140,1.0,2
77,142,1.0,2
77,146,1.0,2
77,147,1.0,2
77,148,1.0,2
77,150,1.0,2
77,152,1.0,2
77,155,1.0,2
77,160,1.0,2
78,82,1.0,2
78,83,1.0,2
78,89,1.0,2
78,90,1.0,2
78,91,1.0,2
78,93,1.0,2
78,94,1.0,2
78,96,1.0,2
78,97,1.0,2
78,98,1.0,2
78,99,1.0,2
78,100,1.0,2
78,101,1.0,2
78,102,1.0,2
78,103,1.0,2
78,104,1.0,2
78,105,1.0,2
78,106,1.0,2
78,107,1.0,2
78,110,1.0,2
78,111,1.0,2
78,112,1.0,2
78,113,1.0,2
78,114,1.0,2
78,116,1.0,2
78,117,1.0,2
78,118,1.0,2
78,119,1.0,2
78,122,1.0,2
78,123,1.0,2
78,133,1.0,2
78,134,1.0,2
78,135,1.0,2
78,139,1.0,2
78,140,1.0,2
78,146,1.0,2
78,147,1.0,2
78,148,1.0,2
78,150,1.0,2
78,151,1.0,2
78,152,1.0,2
78,160,1.0,2
79,80,1.0,2
79,90,1.0,2
79,91,1.0,2
79,98,1.0,2
79,99,1.0,2
79,106,1.0,2
79,107,1.0,2
79,120,1.0,2
79,121,1.0,2
79,122,1.0,2
79,123,1.0,2
79,124,1.0,2
79,125,1.0,2
79,127,1.0,2
79,128,1.0,2
79,129,1.0,2
79,138,1.0,2
79,140,1.0,2
79,147,1.0,2
79,148,1.0,2
79,158,1.0,2
79,161,1.0,2
79,163,1.0,2
79,164,1.0,2
80,89,1.0,2
80,90,1.0,2
80,91,1.0,2
80,95,1.0,2
80,98,1.0,2
80,99,1.0,2
80,104,1.0,2
80,106,1.0,2
80,107,1.0,2
80,109,1.0,2
80,120,1.0,2
80,121,1.0,2
80,122,1.0,2
80,123,1.0,2
80,124,1.0,2
80,125,1.0,2
80,138,1.0,2
80,147,1.0,2
80,148,1.0,2
80,151,1.0,2
80,158,1.0,2
80,161,1.0,2
80,163,1.0,2
81,84,1.0,2
81,86,1.0,2
81,88,1.0,2
81,89,1.0,2
81,92,1.0,2
81,93,1.0,2
81,96,1.0,2
81,97,1.0,2
81,100,1.0,2
81,101,1.0,2
81,102,1.0,2
81,103,1.0,2
81,104,1.0,2
81,106,1.0,2
81,122,1.0,2
81,124,1.0,2
81,125,1.0,2
81,132,1.0,2
81,133,1.0,2
81,134,1.0,2
81,135,1.0,2
81,136,1.0,2
81,139,1.0,2
81,140,1.0,2
81,141,1.0,2
81,142,1.0,2
81,145,1.0,2
81,148,1.0,2
81,154,1.0,2
81,155,1.0,2
81,163,1.0,2
82,83,1.0,2
82,89,1.0,2
82,90,1.0,2
82,91,1.0,2
82,93,1.0,2
82,94,1.0,2
82,96,1.0,2
82,100,1.0,2
82,102,1.0,2
82,103,1.0,2
82,104,1.0,2
82,105,1.0,2
82,106,1.0,2
82,107,1.0,2
82,110,1.0,2
82,111,1.0,2
82,112,1.0,2
82,113,1.0,2
82,114,1.0,2
82,117,1.0,2
82,118,1.0,2
82,134,1.0,2
82,135,1.0,2
82,146,1.0,2
82,147,1.0,2
82,148,1.0,2
82,151,1.0,2
82,152,1.0,2
82,160,1.0,2
83,89,1.0,2
83,90,1.0,2
83,91,1.0,2
83,96,1.0,2
83,100,1.0,2
83,102,1.0,2
83,103,1.0,2
83,104,1.0,2
83,105,1.0,2
83,106,1.0,2
83,107,1.0,2
83,110,1.0,2
83,111,1.0,2
83,112,1.0,2
83,113,1.0,2
83,114,1.0,2
83,115,1.0,2
83,116,1.0,2
83,117,1.0,2
83,118,1.0,2
83,119,1.0,2
83,134,1.0,2
83,135,1.0,2
83,146,1.0,2
83,147,1.0,2
83,148,1.0,2
83,151,1.0,2
83,152,1.0,2
83,160,1.0,2
84,85,1.0,2
84,86,1.0,2
84,87,1.0,2
84,88,1.0,2
84,89,1.0,2
84,92,1.0,2
84,93,1.0,2
84,97,1.0,2
84,100,1.0,2
84,101,1.0,2
84,102,1.0,2
84,103,1.0,2
84,104,1.0,2
84,122,1.0,2
84,124,1.0,2
84,125,1.0,2
84,132,1.0,2
84,133,1.0,2
84,134,1.0,2
84,140,1.0,2
84,142,1.0,2
84,153,1.0,2
84,154,1.0,2
84,155,1.0,2
84,163,1.0,2
85,86,1.0,2
85,87,1.0,2
85,88,1.0,2
85,89,1.0,2
85,92,1.0,2
85,93,1.0,2
85,108,1.0,2
85,109,1.0,2
85,124,1.0,2
85,125,1.0,2
85,126,1.0,2
85,127,1.0,2
85,128,1.0,2
85,130,1.0,2
85,136,1.0,2
85,137,1.0,2
85,139,1.0,2
85,140,1.0,2
85,141,1.0,2
85,149,1.0,2
85,153,1.0,2
85,163,1.0,2
86,87,1.0,2
86,88,1.0,2
86,89,1.0,2
86,92,1.0,2
86,93,1.0,2
86,97,1.0,2
86,106,1.0,2
86,108,1.0,2
86,109,1.0,2
86,122,1.0,2
86,124,1.0,2
86,125,1.0,2
86,126,1.0,2
86,127,1.0,2
86,133,1.0,2
86,136,1.0,2
86,137,1.0,2
86,139,1.0,2
86,140,1.0,2
86,141,1.0,2
86,142,1.0,2
86,148,1.0,2
86,153,1.0,2
86,154,1.0,2
86,155,1.0,2
86,163,1.0,2
87,88,1.0,2
87,89,1.0,2
87,92,1.0,2
87,93,1.0,2
87,105,1.0,2
87,108,1.0,2
87,109,1.0,2
87,124,1.0,2
87,125,1.0,2
87,126,1.0,2
87,127,1.0,2
87,128,1.0,2
87,133,1.0,2
87,136,1.0,2
87,137,1.0,2
87,139,1.0,2
87,147,1.0,2
87,153,1.0,2
87,155,1.0,2
87,163,1.0,2
88,89,1.0,2
88,93,1.0,2
88,96,1.0,2
88,97,1.0,2
88,99,1.0,2
88,100,1.0,2
88,102,1.0,2
88,103,1.0,2
88,104,1.0,2
88,105,1.0,2
88,106,1.0,2
88,122,1.0,2
88,124,1.0,2
88,125,1.0,2
88,126,1.0,2
88,132,1.0,2
88,133,1.0,2
88,135,1.0,2
88,139,1.0,2
88,140,1.0,2
88,141,1.0,2
88,142,1.0,2
88,148,1.0,2
88,153,1.0,2
88,154,1.0,2
88,160,1.0,2
88,163,1.0,2
89,90,1.0,2
89,91,1.0,2
89,93,1.0,2
89,96,1.0,2
89,97,1.0,2
89,98,1.0,2
89,99,1.0,2
89,100,1.0,2
89,102,1.0,2
89,103,1.0,2
89,104,1.0,2
89,105,1.0,2
89,106,1.0,2
89,107,1.0,2
89,122,1.0,2
89,123,1.0,2
89,124,1.0,2
89,125,1.0,2
89,126,1.0,2
89,132,1.0,2
89,133,1.0,2
89,139,1.0,2
89,140,1.0,2
89,141,1.0,2
89,142,1.0,2
89,147,1.0,2
89,148,1.0,2
89,153,1.0,2
89,154,1.0,2
89,159,1.0,2
89,160,1.0,2
89,161,1.0,2
89,163,1.0,2
90,91,1.0,2
90,98,1.0,2
90,99,1.0,2
90,104,1.0,2
90,105,1.0,2
90,106,1.0,2
90,107,1.0,2
90,110,1.0,2
90,111,1.0,2
90,112,1.0,2
90,113,1.0,2
90,114,1.0,2
90,118,1.0,2
90,120,1.0,2
90,121,1.0,2
90,122,1.0,2
90,123,1.0,2
90,143,1.0,2
90,145,1.0,2
90,146,1.0,2
90,147,1.0,2
90,148,1.0,2
90,151,1.0,2
90,152,1.0,2
90,160,1.0,2
90,161,1.0,2
91,95,1.0,2
91,98,1.0,2
91,99,1.0,2
91,104,1.0,2
91,105,1.0,2
91,106,1.0,2
91,107,1.0,2
91,110,1.0,2
91,111,1.0,2
91,112,1.0,2
91,118,1.0,2
91,120,1.0,2
91,121,1.0,2
91,122,1.0,2
91,123,1.0,2
91,145,1.0,2
91,147,1.0,2
91,148,1.0,2
91,151,1.0,2
91,161,1.0,2
92,93,1.0,2
92,94,1.0,2
92,95,1.0,2
92,100,1.0,2
92,101,1.0,2
92,102,1.0,2
92,115,1.0,2
92,116,1.0,2
92,117,1.0,2
92,119,1.0,2
92,124,1.0,2
92,126,1.0,2
92,127,1.0,2
92,133,1.0,2
92,138,1.0,2
92,139,1.0,2
92,141,1.0,2
92,155,1.0,2
92,158,1.0,2
93,94,1.0,2
93,95,1.0,2
93,97,1.0,2
93,100,1.0,2
93,101,1.0,2
93,102,1.0,2
93,103,1.0,2
93,104,1.0,2
93,115,1.0,2
93,116,1.0,2
93,117,1.0,2
93,119,1.0,2
93,124,1.0,2
93,126,1.0,2
93,127,1.0,2
93,132,1.0,2
93,133,1.0,2
93,134,1.0,2
93,135,1.0,2
93,139,1.0,2
93,140,1.0,2
93,141,1.0,2
93,142,1.0,2
94,95,1.0,2
94,96,1.0,2
94,100,1.0,2
94,101,1.0,2
94,102,1.0,2
94,103,1.0,2
94,104,1.0,2
94,107,1.0,2
94,114,1.0,2
94,132,1.0,2
94,133,1.0,2
94,135,1.0,2
94,138,1.0,2
94,152,1.0,2
95,100,1.0,2
95,101,1.0,2
95,102,1.0,2
95,103,1.0,2
95,132,1.0,2
95,133,1.0,2
95,138,1.0,2
95,143,1.0,2
95,144,1.0,2
95,145,1.0,2
95,150,1.0,2
95,152,1.0,2
95,158,1.0,2
95,164,1.0,2
96,97,1.0,2
96,99,1.0,2
96,100,1.0,2
96,102,1.0,2
96,103,1.0,2
96,104,1.0,2
96,105,1.0,2
96,106,1.0,2
96,107,1.0,2
96,110,1.0,2
96,111,1.0,2
96,113,1.0,2
96,114,1.0,2
96,115,1.0,2
96,118,1.0,2
96,132,1.0,2
96,133,1.0,2
96,134,1.0,2
96,135,1.0,2
96,140,1.0,2
96,146,1.0,2
96,148,1.0,2
96,152,1.0,2
96,154,1.0,2
96,160,1.0,2
97,98,1.0,2
97,99,1.0,2
97,100,1.0,2
97,101,1.0,2
97,103,1.0,2
97,104,1.0,2
97,105,1.0,2
97,106,1.0,2
97,107,1.0,2
97,122,1.0,2
97,123,1.0,2
97,124,1.0,2
97,125,1.0,2
97,126,1.0,2
97,132,1.0,2
97,133,1.0,2
97,134,1.0,2
97,135,1.0,2
97,140,1.0,2
97,142,1.0,2
97,146,1.0,2
97,148,1.0,2
97,154,1.0,2
97,155,1.0,2
97,156,1.0,2
97,163,1.0,2
98,99,1.0,2
98,100,1.0,2
98,101,1.0,2
98,104,1.0,2
98,105,1.0,2
98,106,1.0,2
98,107,1.0,2
98,112,1.0,2
98,118,1.0,2
98,120,1.0,2
98,121,1.0,2
98,122,1.0,2
98,123,1.0,2
98,124,1.0,2
98,125,1.0,2
98,138,1.0,2
98,139,1.0,2
98,140,1.0,2
98,147,1.0,2
98,148,1.0,2
98,150,1.0,2
98,151,1.0,2
98,152,1.0,2
98,154,1.0,2
98,158,1.0,2
98,160,1.0,2
98,161,1.0,2
98,162,1.0,2
98,163,1.0,2
99,100,1.0,2
99,101,1.0,2
99,104,1.0,2
99,105,1.0,2
99,106,1.0,2
99,107,1.0,2
99,112,1.0,2
99,118,1.0,2
99,120,1.0,2
99,121,1.0,2
99,122,1.0,2
99,123,1.0,2
99,124,1.0,2
99,125,1.0,2
99,140,1.0,2
99,147,1.0,2
99,148,1.0,2
99,150,1.0,2
99,151,1.0,2
99,152,1.0,2
99,154,1.0,2
99,160,1.0,2
99,161,1.0,2
99,162,1.0,2
99,163,1.0,2
100,101,1.0,2
100,102,1.0,2
100,103,1.0,2
100,104,1.0,2
100,105,1.0,2
100,106,1.0,2
100,107,1.0,2
100,113,1.0,2
100,118,1.0,2
100,124,1.0,2
100,125,1.0,2
100,132,1.0,2
100,133,1.0,2
100,135,1.0,2
100,139,1.0,2
100,140,1.0,2
100,141,1.0,2
100,142,1.0,2
100,143,1.0,2
100,145,1.0,2
100,147,1.0,2
100,148,1.0,2
100,152,1.0,2
100,154,1.0,2
100,158,1.0,2
100,160,1.0,2
100,163,1.0,2
101,102,1.0,2
101,103,1.0,2
101,104,1.0,2
101,105,1.0,2
101,106,1.0,2
101,107,1.0,2
101,133,1.0,2
101,134,1.0,2
101,140,1.0,2
101,142,1.0,2
101,148,1.0,2
102,103,1.0,2
102,104,1.0,2
102,105,1.0,2
102,106,1.0,2
102,107,1.0,2
102,132,1.0,2
102,133,1.0,2
102,138,1.0,2
102,139,1.0,2
102,142,1.0,2
102,143,1.0,2
102,152,1.0,2
102,156,1.0,2
102,158,1.0,2
103,104,1.0,2
103,105,1.0,2
103,110,1.0,2
103,111,1.0,2
103,133,1.0,2
103,134,1.0,2
103,135,1.0,2
103,146,1.0,2
103,147,1.0,2
103,152,1.0,2
103,160,1.0,2
104,105,1.0,2
104,106,1.0,2
104,107,1.0,2
104,110,1.0,2
104,111,1.0,2
104,112,1.0,2
104,113,1.0,2
104,118,1.0,2
104,119,1.0,2
104,121,1.0,2
104,122,1.0,2
104,123,1.0,2
104,125,1.0,2
104,133,1.0,2
104,134,1.0,2
104,135,1.0,2
104,139,1.0,2
104,140,1.0,2
104,142,1.0,2
104,145,1.0,2
104,146,1.0,2
104,147,1.0,2
104,148,1.0,2
104,150,1.0,2
104,151,1.0,2
104,152,1.0,2
104,154,1.0,2
104,155,1.0,2
104,160,1.0,2
104,161,1.0,2
104,163,1.0,2
105,106,1.0,2
105,107,1.0,2
105,110,1.0,2
105,111,1.0,2
105,112,1.0,2
105,113,1.0,2
105,118,1.0,2
105,119,1.0,2
105,121,1.0,2
105,122,1.0,2
105,123,1.0,2
105,125,1.0,2
105,133,1.0,2
105,134,1.0,2
105,135,1.0,2
105,139,1.0,2
105,140,1.0,2
105,142,1.0,2
105,145,1.0,2
105,146,1.0,2
105,147,1.0,2
105,148,1.0,2
105,150,1.0,2
105,151,1.0,2
105,152,1.0,2
105,154,1.0,2
105,160,1.0,2
105,161,1.0,2
106,107,1.0,2
106,113,1.0,2
106,118,1.0,2
106,120,1.0,2
106,121,1.0,2
106,122,1.0,2
106,123,1.0,2
106,125,1.0,2
106,139,1.0,2
106,140,1.0,2
106,142,1.0,2
106,146,1.0,2
106,147,1.0,2
106,148,1.0,2
106,150,1.0,2
106,151,1.0,2
106,152,1.0,2
106,154,1.0,2
106,155,1.0,2
106,156,1.0,2
106,160,1.0,2
106,161,1.0,2
106,162,1.0,2
106,163,1.0,2
107,111,1.0,2
107,113,1.0,2
107,118,1.0,2
107,119,1.0,2
107,120,1.0,2
107,121,1.0,2
107,122,1.0,2
107,123,1.0,2
107,125,1.0,2
107,133,1.0,2
107,134,1.0,2
107,135,1.0,2
107,139,1.0,2
107,140,1.0,2
107,142,1.0,2
107,146,1.0,2
107,147,1.0,2
107,148,1.0,2
107,150,1.0,2
107,151,1.0,2
107,152,1.0,2
107,154,1.0,2
107,155,1.0,2
107,160,1.0,2
107,161,1.0,2
107,162,1.0,2
107,163,1.0,2
108,109,1.0,2
108,112,1.0,2
108,115,1.0,2
108,126,1.0,2
108,127,1.0,2
108,128,1.0,2
108,129,1.0,2
108,138,1.0,2
108,144,1.0,2
108,149,1.0,2
108,158,1.0,2
109,112,1.0,2
109,118,1.0,2
109,119,1.0,2
109,125,1.0,2
109,127,1.0,2
109,149,1.0,2
109,150,1.0,2
109,158,1.0,2
110,111,1.0,2
110,112,1.0,2
110,113,1.0,2
110,114,1.0,2
110,115,1.0,2
110,116,1.0,2
110,117,1.0,2
110,118,1.0,2
110,119,1.0,2
110,120,1.0,2
110,121,1.0,2
110,134,1.0,2
110,135,1.0,2
110,143,1.0,2
110,146,1.0,2
110,147,1.0,2
110,151,1.0,2
110,152,1.0,2
111,112,1.0,2
111,113,1.0,2
111,114,1.0,2
111,115,1.0,2
111,116,1.0,2
111,117,1.0,2
111,118,1.0,2
111,119,1.0,2
111,121,1.0,2
111,134,1.0,2
111,135,1.0,2
111,147,1.0,2
111,148,1.0,2
111,151,1.0,2
111,152,1.0,2
112,113,1.0,2
112,114,1.0,2
112,115,1.0,2
112,116,1.0,2
112,117,1.0,2
112,118,1.0,2
112,119,1.0,2
112,120,1.0,2
112,121,1.0,2
112,143,1.0,2
112,147,1.0,2
112,151,1.0,2
112,152,1.0,2
113,114,1.0,2
113,115,1.0,2
113,116,1.0,2
113,117,1.0,2
113,118,1.0,2
113,119,1.0,2
113,147,1.0,2
113,148,1.0,2
113,151,1.0,2
113,152,1.0,2
113,162,1.0,2
114,115,1.0,2
114,116,1.0,2
114,117,1.0,2
114,118,1.0,2
114,119,1.0,2
114,120,1.0,2
114,121,1.0,2
114,143,1.0,2
115,116,1.0,2
115,117,1.0,2
115,118,1.0,2
115,119,1.0,2
115,151,1.0,2
116,117,1.0,2
116,118,1.0,2
116,119,1.0,2
116,143,1.0,2
117,118,1.0,2
117,119,1.0,2
117,151,1.0,2
117,152,1.0,2
118,119,1.0,2
118,121,1.0,2
118,122,1.0,2
118,123,1.0,2
118,134,1.0,2
118,135,1.0,2
118,147,1.0,2
118,148,1.0,2
118,151,1.0,2
118,152,1.0,2
119,122,1.0,2
119,135,1.0,2
119,139,1.0,2
119,148,1.0,2
119,152,1.0,2
120,121,1.0,2
120,122,1.0,2
120,123,1.0,2
120,143,1.0,2
120,145,1.0,2
120,147,1.0,2
120,151,1.0,2
120,158,1.0,2
120,161,1.0,2
121,122,1.0,2
121,123,1.0,2
121,143,1.0,2
121,147,1.0,2
121,151,1.0,2
121,161,1.0,2
122,123,1.0,2
122,124,1.0,2
122,125,1.0,2
122,126,1.0,2
122,127,1.0,2
122,128,1.0,2
122,136,1.0,2
122,137,1.0,2
122,139,1.0,2
122,140,1.0,2
122,142,1.0,2
122,147,1.0,2
122,148,1.0,2
122,150,1.0,2
122,152,1.0,2
122,154,1.0,2
122,155,1.0,2
122,156,1.0,2
122,161,1.0,2
122,162,1.0,2
122,163,1.0,2
123,124,1.0,2
123,125,1.0,2
123,139,1.0,2
123,140,1.0,2
123,142,1.0,2
123,147,1.0,2
123,148,1.0,2
123,150,1.0,2
123,151,1.0,2
123,152,1.0,2
123,154,1.0,2
123,155,1.0,2
123,156,1.0,2
123,160,1.0,2
123,161,1.0,2
123,162,1.0,2
123,163,1.0,2
124,125,1.0,2
124,126,1.0,2
124,127,1.0,2
124,128,1.0,2
124,129,1.0,2
124,130,1.0,2
124,132,1.0,2
124,133,1.0,2
124,136,1.0,2
124,139,1.0,2
124,140,1.0,2
124,141,1.0,2
124,153,1.0,2
124,154,1.0,2
124,155,1.0,2
124,158,1.0,2
124,163,1.0,2
125,126,1.0,2
125,127,1.0,2
125,130,1.0,2
125,132,1.0,2
125,136,1.0,2
125,137,1.0,2
125,138,1.0,2
125,139,1.0,2
125,140,1.0,2
125,142,1.0,2
125,148,1.0,2
125,153,1.0,2
125,154,1.0,2
125,155,1.0,2
125,156,1.0,2
125,158,1.0,2
125,163,1.0,2
126,127,1.0,2
126,128,1.0,2
126,129,1.0,2
126,136,1.0,2
126,137,1.0,2
126,139,1.0,2
126,140,1.0,2
126,141,1.0,2
126,142,1.0,2
126,153,1.0,2
126,155,1.0,2
127,128,1.0,2
127,129,1.0,2
127,136,1.0,2
127,137,1.0,2
127,139,1.0,2
127,140,1.0,2
127,141,1.0,2
127,142,1.0,2
127,153,1.0,2
127,155,1.0,2
127,163,1.0,2
128,129,1.0,2
128,136,1.0,2
128,137,1.0,2
129,131,1.0,2
129,136,1.0,2
129,137,1.0,2
132,133,1.0,2
132,134,1.0,2
132,135,1.0,2
132,142,1.0,2
132,154,1.0,2
132,163,1.0,2
133,134,1.0,2
133,135,1.0,2
133,145,1.0,2
133,154,1.0,2
133,156,1.0,2
133,160,1.0,2
134,135,1.0,2
134,146,1.0,2
134,147,1.0,2
134,148,1.0,2
135,136,1.0,2
135,140,1.0,2
135,142,1.0,2
135,148,1.0,2
135,159,1.0,2
135,160,1.0,2
135,163,1.0,2
136,137,1.0,2
136,155,1.0,2
136,163,1.0,2
137,155,1.0,2
137,163,1.0,2
138,143,1.0,2
138,144,1.0,2
138,145,1.0,2
138,153,1.0,2
138,156,1.0,2
138,157,1.0,2
138,158,1.0,2
138,164,1.0,2
139,140,1.0,2
139,141,1.0,2
139,142,1.0,2
139,147,1.0,2
139,148,1.0,2
139,149,1.0,2
139,150,1.0,2
139,152,1.0,2
139,153,1.0,2
139,154,1.0,2
139,155,1.0,2
139,158,1.0,2
139,159,1.0,2
139,160,1.0,2
139,163,1.0,2
140,141,1.0,2
140,142,1.0,2
140,147,1.0,2
140,148,1.0,2
140,150,1.0,2
140,152,1.0,2
140,153,1.0,2
140,154,1.0,2
140,159,1.0,2
140,160,1.0,2
140,163,1.0,2
141,142,1.0,2
141,148,1.0,2
141,149,1.0,2
141,153,1.0,2
141,154,1.0,2
141,159,1.0,2
142,148,1.0,2
142,150,1.0,2
142,152,1.0,2
142,153,1.0,2
142,154,1.0,2
142,155,1.0,2
142,163,1.0,2
143,144,1.0,2
143,145,1.0,2
143,157,1.0,2
143,158,1.0,2
143,164,1.0,2
144,145,1.0,2
144,157,1.0,2
144,158,1.0,2
144,164,1.0,2
145,146,1.0,2
145,147,1.0,2
145,148,1.0,2
145,151,1.0,2
145,152,1.0,2
145,154,1.0,2
145,157,1.0,2
145,158,1.0,2
145,159,1.0,2
145,160,1.0,2
145,161,1.0,2
145,162,1.0,2
145,164,1.0,2
146,147,1.0,2
146,148,1.0,2
146,151,1.0,2
146,152,1.0,2
146,158,1.0,2
146,160,1.0,2
146,162,1.0,2
147,148,1.0,2
147,149,1.0,2
147,150,1.0,2
147,151,1.0,2
147,152,1.0,2
147,158,1.0,2
147,159,1.0,2
147,160,1.0,2
147,161,1.0,2
147,162,1.0,2
148,150,1.0,2
148,151,1.0,2
148,152,1.0,2
148,153,1.0,2
148,154,1.0,2
148,155,1.0,2
148,156,1.0,2
148,160,1.0,2
148,161,1.0,2
148,162,1.0,2
148,163,1.0,2
149,151,1.0,2
149,152,1.0,2
149,153,1.0,2
149,154,1.0,2
150,152,1.0,2
150,154,1.0,2
150,161,1.0,2
151,152,1.0,2
151,153,1.0,2
151,154,1.0,2
151,160,1.0,2
151,161,1.0,2
151,162,1.0,2
152,154,1.0,2
152,156,1.0,2
152,158,1.0,2
152,160,1.0,2
152,161,1.0,2
152,162,1.0,2
152,163,1.0,2
153,154,1.0,2
153,155,1.0,2
153,156,1.0,2
153,163,1.0,2
154,155,1.0,2
154,156,1.0,2
154,159,1.0,2
154,163,1.0,2
155,156,1.0,2
155,163,1.0,2
156,161,1.0,2
156,162,1.0,2
157,158,1.0,2
157,164,1.0,2
158,160,1.0,2
158,164,1.0,2
159,160,1.0,2
160,161,1.0,2
160,162,1.0,2
161,162,1.0,2
162,163,1.0,2
1,1,1.0,3
2,2,1.0,3
3,3,1.0,3
4,4,1.0,3
5,5,1.0,3
6,6,1.0,3
7,7,1.0,3
8,8,1.0,3
9,9,1.0,3
10,10,1.0,3
11,11,1.0,3
12,12,1.0,3
13,13,1.0,3
14,14,1.0,3
15,15,1.0,3
16,16,1.0,3
17,17,1.0,3
18,18,1.0,3
19,19,1.0,3
20,20,1.0,3
21,21,1.0,3
22,22,1.0,3
23,23,1.0,3
24,24,1.0,3
25,25,1.0,3
26,26,1.0,3
27,27,1.0,3
28,28,1.0,3
29,29,1.0,3
30,30,1.0,3
31,31,1.0,3
32,32,1.0,3
33,33,1.0,3
34,34,1.0,3
35,35,1.0,3
36,36,1.0,3
37,37,1.0,3
38,38,1.0,3
39,39,1.0,3
40,40,1.0,3
41,41,1.0,3
42,42,1.0,3
43,43,1.0,3
44,44,1.0,3
45,45,1.0,3
46,46,1.0,3
47,47,1.0,3
48,48,1.0,3
49,49,1.0,3
50,50,1.0,3
51,51,1.0,3
52,52,1.0,3
53,53,1.0,3
54,54,1.0,3
55,55,1.0,3
56,56,1.0,3
57,57,1.0,3
58,58,1.0,3
59,59,1.0,3
60,60,1.0,3
61,61,1.0,3
62,62,1.0,3
63,63,1.0,3
64,64,1.0,3
65,65,1.0,3
66,66,1.0,3
67,67,1.0,3
68,68,1.0,3
69,69,1.0,3
70,70,1.0,3
71,71,1.0,3
72,72,1.0,3
73,73,1.0,3
74,74,1.0,3
75,75,1.0,3
76,76,1.0,3
77,77,1.0,3
78,78,1.0,3
79,79,1.0,3
80,80,1.0,3
81,81,1.0,3
82,82,1.0,3
83,83,1.0,3
84,84,1.0,3
85,85,1.0,3
86,86,1.0,3
87,87,1.0,3
88,88,1.0,3
89,89,1.0,3
90,90,1.0,3
91,91,1.0,3
92,92,1.0,3
93,93,1.0,3
94,94,1.0,3
95,95,1.0,3
96,96,1.0,3
97,97,1.0,3
98,98,1.0,3
99,99,1.0,3
100,100,1.0,3
101,101,1.0,3
102,102,1.0,3
103,103,1.0,3
104,104,1.0,3
105,105,1.0,3
106,106,1.0,3
107,107,1.0,3
108,108,1.0,3
109,109,1.0,3
110,110,1.0,3
111,111,1.0,3
112,112,1.0,3
113,113,1.0,3
114,114,1.0,3
115,115,1.0,3
116,116,1.0,3
117,117,1.0,3
118,118,1.0,3
119,119,1.0,3
120,120,1.0,3
121,121,1.0,3
122,122,1.0,3
123,123,1.0,3
124,124,1.0,3
125,125,1.0,3
126,126,1.0,3
127,127,1.0,3
128,128,1.0,3
129,129,1.0,3
130,130,1.0,3
131,131,1.0,3
132,132,1.0,3
133,133,1.0,3
134,134,1.0,3
135,135,1.0,3
136,136,1.0,3
137,137,1.0,3
138,138,1.0,3
139,139,1.0,3
140,140,1.0,3
141,141,1.0,3
142,142,1.0,3
143,143,1.0,3
144,144,1.0,3
145,145,1.0,3
146,146,1.0,3
147,147,1.0,3
148,148,1.0,3
149,149,1.0,3
150,150,1.0,3
151,151,1.0,3
152,152,1.0,3
153,153,1.0,3
154,154,1.0,3
155,155,1.0,3
156,156,1.0,3
157,157,1.0,3
158,158,1.0,3
159,159,1.0,3
160,160,1.0,3
161,161,1.0,3
162,162,1.0,3
163,163,1.0,3
164,164,1.0,3
